Rank,Name,Value,Age,Positions,Team,Level
1,"Bobby Witt Jr.",10000,25.7,"SS","KC","MLB"
2,"Shohei Ohtani",9971,31.6,"SP, UT","LAD","MLB"
3,"Juan Soto",8470,27.3,"OF","NYM","MLB"
4,"Paul Skenes",8251,23.7,"SP","PIT","MLB"
5,"Corbin Carroll",7413,25.5,"OF","AZ","MLB"
6,"Nick Kurtz",6867,22.9,"1B","ATH","MLB"
7,"Junior Caminero",6861,22.6,"3B","TB","MLB"
8,"Tarik Skubal",6760,29.2,"SP","DET","MLB"
9,"Elly De La Cruz",6722,24.1,"SS","CIN","MLB"
10,"Julio Rodriguez",6694,25.1,"OF","SEA","MLB"
11,"Gunnar Henderson",6563,24.6,"SS","BAL","MLB"
12,"Aaron Judge",6473,33.8,"OF","NYY","MLB"
13,"Vladimir Guerrero Jr.",6218,26.9,"1B","TOR","MLB"
14,"Garrett Crochet",5936,26.6,"SP","BOS","MLB"
15,"Ronald Acuna Jr.",5922,28.1,"OF","ATL","MLB"
16,"Roman Anthony",5920,21.7,"OF","BOS","MLB"
17,"Jackson Chourio",5596,21.9,"OF","MIL","MLB"
18,"Fernando Tatis Jr.",5460,27.1,"OF","SD","MLB"
19,"James Wood",4995,23.4,"OF","WSH","MLB"
20,"Konnor Griffin",4920,19.8,"SS","PIT","AA"
21,"Jose Ramirez",4741,33.4,"3B","CLE","MLB"
22,"Kyle Tucker",4734,29.1,"OF","LAD","MLB"
23,"Yoshinobu Yamamoto",4650,27.5,"SP","LAD","MLB"
24,"Jackson Merrill",4568,22.8,"OF","SD","MLB"
25,"Bryan Woo",4423,26,"SP","SEA","MLB"
26,"Cal Raleigh",4419,29.2,"C","SEA","MLB"
27,"Wyatt Langford",4399,24.2,"OF","TEX","MLB"
28,"Hunter Brown",4373,27.4,"SP","HOU","MLB"
29,"Hunter Greene",4345,26.5,"SP","CIN","MLB"
30,"Yordan Alvarez",4026,28.6,"OF","HOU","MLB"
31,"Pete Crow-Armstrong",3983,23.9,"OF","CHC","MLB"
32,"Zach Neto",3870,25,"SS","LAA","MLB"
33,"Francisco Lindor",3845,32.2,"SS","NYM","MLB"
34,"Eury Perez",3799,22.8,"SP","MIA","MLB"
35,"Logan Gilbert",3775,28.8,"SP","SEA","MLB"
36,"Jazz Chisholm Jr.",3767,28,"2B, 3B","NYY","MLB"
37,"Kevin McGonigle",3653,21.5,"SS","DET","AA"
38,"Rafael Devers",3578,29.3,"1B","SF","MLB"
39,"Cristopher Sanchez",3506,29.2,"SP","PHI","MLB"
40,"Ketel Marte",3465,32.3,"2B","AZ","MLB"
41,"Riley Greene",3454,25.4,"OF","DET","MLB"
42,"Spencer Schwellenbach",3382,25.7,"SP","ATL","MLB"
43,"Cole Ragans",3232,28.2,"SP","KC","MLB"
44,"JJ Wetherholt",3218,23.4,"2B, SS","STL","AAA"
45,"Logan Webb",3208,29.2,"SP","SF","MLB"
46,"Samuel Basallo",3192,21.5,"C","BAL","MLB"
47,"Chase Burns",3184,23.1,"SP","CIN","MLB"
48,"Jacob Misiorowski",3183,23.9,"SP","MIL","MLB"
49,"Pete Alonso",3183,31.2,"1B","BAL","MLB"
50,"George Kirby",3112,28,"SP","SEA","MLB"
51,"Kyle Schwarber",3107,32.9,"UT","PHI","MLB"
52,"CJ Abrams",3091,25.4,"SS","WSH","MLB"
53,"Joe Ryan",2953,29.7,"SP","MIN","MLB"
54,"Bo Bichette",2941,27.9,"SS","NYM","MLB"
55,"Jackson Holliday",2906,22.2,"2B","BAL","MLB"
56,"Trea Turner",2875,32.6,"SS","PHI","MLB"
57,"Jesus Made",2869,18.8,"SS","MIL","AA"
58,"Leo De Vries",2820,19.3,"SS","ATH","AA"
59,"Freddy Peralta",2817,29.7,"SP","MIL","MLB"
60,"Bryce Harper",2778,33.3,"1B","PHI","MLB"
61,"Tyler Soderstrom",2673,24.2,"1B, OF","ATH","MLB"
62,"Nolan McLean",2649,24.5,"SP","NYM","MLB"
63,"Austin Riley",2640,28.9,"3B","ATL","MLB"
64,"Jac Caglianone",2635,22.9,"1B, OF","KC","MLB"
65,"Trey Yesavage",2633,22.5,"SP","TOR","MLB"
66,"Oneil Cruz",2593,27.3,"OF","PIT","MLB"
67,"Mookie Betts",2545,33.3,"SS","LAD","MLB"
68,"Max Fried",2544,32.1,"SP","NYY","MLB"
69,"Maikel Garcia",2544,25.9,"2B, 3B, SS","KC","MLB"
70,"Matt Olson",2521,31.9,"1B","ATL","MLB"
71,"Max Clark",2475,21.1,"OF","DET","AA"
72,"Bubba Chandler",2469,23.4,"SP","PIT","MLB"
73,"William Contreras",2403,28.1,"C","MIL","MLB"
74,"Corey Seager",2396,31.8,"SS","TEX","MLB"
75,"Josh Naylor",2388,28.6,"1B","SEA","MLB"
76,"Walker Jenkins",2379,20.9,"OF","MIN","AAA"
77,"Geraldo Perdomo",2314,26.3,"SS","AZ","MLB"
78,"Mason Miller",2274,27.5,"RP","SD","MLB"
79,"Sebastian Walcott",2265,19.9,"SS","TEX","AA"
80,"Spencer Strider",2260,27.3,"SP","ATL","MLB"
81,"Manny Machado",2239,33.6,"3B","SD","MLB"
82,"Ben Rice",2226,26.9,"C, 1B","NYY","MLB"
83,"Jarren Duran",2175,29.4,"OF","BOS","MLB"
84,"Cam Schlittler",2164,25,"SP","NYY","MLB"
85,"Dylan Crews",2141,23.9,"OF","WSH","MLB"
86,"Dylan Cease",2133,30.1,"SP","TOR","MLB"
87,"MacKenzie Gore",2099,26.9,"SP","TEX","MLB"
88,"Brent Rooker",2077,31.3,"OF, UT","ATH","MLB"
89,"Jordan Westburg",2075,26.9,"2B, 3B","BAL","MLB"
90,"Jesus Luzardo",2061,28.4,"SP","PHI","MLB"
91,"Jacob Wilson",2047,23.9,"SS","ATH","MLB"
92,"Roki Sasaki",1974,24.3,"SP","LAD","MLB"
93,"Vinnie Pasquantino",1972,28.3,"1B","KC","MLB"
94,"Michael Busch",1936,28.2,"1B","CHC","MLB"
95,"Brice Turang",1900,26.2,"2B","MIL","MLB"
96,"Kristian Campbell",1887,23.6,"2B","BOS","MLB"
97,"Jeremy Pena",1885,28.4,"SS","HOU","MLB"
98,"Michael King",1864,30.7,"SP","SD","MLB"
99,"Gavin Williams",1856,26.5,"SP","CLE","MLB"
100,"Lawrence Butler",1845,25.6,"OF","ATH","MLB"
101,"Josue De Paula",1841,20.7,"OF","LAD","AA"
102,"Alex Bregman",1840,31.9,"3B","CHC","MLB"
103,"Framber Valdez",1820,32.2,"SP","FA","MLB"
104,"Cody Bellinger",1792,30.6,"OF","NYY","MLB"
105,"Travis Bazzana",1777,23.4,"2B","CLE","AAA"
106,"2026 Early 1st",1766,,"","",""
107,"Pablo Lopez",1703,29.9,"SP","MIN","MLB"
108,"Luke Keaschall",1698,23.5,"2B","MIN","MLB"
109,"Edward Florentino",1696,19.2,"OF","PIT","A"
110,"Drake Baldwin",1691,24.9,"C","ATL","MLB"
111,"Bryce Eldridge",1689,21.3,"UT","SF","MLB"
112,"Blake Snell",1672,33.2,"SP","LAD","MLB"
113,"Agustin Ramirez",1667,24.4,"C","MIA","MLB"
114,"Michael Harris II",1656,24.9,"OF","ATL","MLB"
115,"Cade Horton",1629,24.5,"SP","CHC","MLB"
116,"Freddie Freeman",1623,36.4,"1B","LAD","MLB"
117,"Seiya Suzuki",1605,31.5,"OF, UT","CHC","MLB"
118,"Kade Anderson",1595,21.6,"SP","SEA","ROK"
119,"Andrew Painter",1590,22.8,"SP","PHI","AAA"
120,"Shea Langeliers",1584,28.2,"C","ATH","MLB"
121,"Will Smith",1576,30.9,"C","LAD","MLB"
122,"Nick Lodolo",1566,28,"SP","CIN","MLB"
123,"Jared Jones",1566,24.5,"SP","PIT","MLB"
124,"Emmet Sheehan",1564,26.2,"SP","LAD","MLB"
125,"Thomas White",1554,21.4,"SP","MIA","AAA"
126,"Jasson Dominguez",1539,23,"OF","NYY","MLB"
127,"Spencer Torkelson",1518,26.5,"1B","DET","MLB"
128,"Luis Pena",1516,19.2,"2B, SS","MIL","A+"
129,"Kyle Stowers",1490,28.1,"OF","MIA","MLB"
130,"Aidan Miller",1487,21.7,"SS","PHI","AAA"
131,"Marcelo Mayer",1466,23.2,"3B","BOS","MLB"
132,"Cam Smith",1446,22.9,"OF","HOU","MLB"
133,"Tyler Glasnow",1424,32.5,"SP","LAD","MLB"
134,"Matt Shaw",1419,24.3,"3B","CHC","MLB"
135,"Zyhir Hope",1396,21.1,"OF","LAD","AA"
136,"Byron Buxton",1355,32.1,"OF","MIN","MLB"
137,"2027 Early 1st",1355,,"","",""
138,"Jackson Jobe",1353,23.5,"SP","DET","MLB"
139,"Adley Rutschman",1350,28,"C","BAL","MLB"
140,"Colt Emerson",1331,20.6,"SS","SEA","AAA"
141,"Colson Montgomery",1323,23.9,"3B, SS","CWS","MLB"
142,"Zack Wheeler",1319,35.7,"SP","PHI","MLB"
143,"Sal Stewart",1316,22.2,"1B","CIN","MLB"
144,"Carter Jensen",1298,22.6,"C","KC","MLB"
145,"Bryce Rainer",1290,20.6,"SS","DET","A"
146,"Ranger Suarez",1269,30.5,"SP","BOS","MLB"
147,"Corbin Burnes",1269,31.3,"SP","AZ","MLB"
148,"Isaac Paredes",1256,26.9,"3B","HOU","MLB"
149,"Andy Pages",1250,25.2,"OF","LAD","MLB"
150,"Carson Benge",1235,23.1,"OF","NYM","AAA"
151,"Chris Sale",1226,36.9,"SP","ATL","MLB"
152,"Andres Munoz",1213,27.1,"RP","SEA","MLB"
153,"Ivan Herrera",1213,25.7,"C","STL","MLB"
154,"Steven Kwan",1209,28.4,"OF","CLE","MLB"
155,"Randy Arozarena",1208,30.9,"OF","SEA","MLB"
156,"Hunter Goodman",1207,26.3,"C","COL","MLB"
157,"Jonah Tong",1201,22.6,"SP","NYM","MLB"
158,"Edward Cabrera",1190,27.8,"SP","CHC","MLB"
159,"Shane Baz",1167,26.6,"SP","BAL","MLB"
160,"Nico Hoerner",1166,28.7,"2B","CHC","MLB"
161,"Jordan Lawlar",1161,23.6,"3B","AZ","MLB"
162,"Bryce Miller",1144,27.5,"SP","SEA","MLB"
163,"Kris Bubic",1144,28.5,"SP","KC","MLB"
164,"Jacob deGrom",1143,37.6,"SP","TEX","MLB"
165,"Jonathan Aranda",1139,27.7,"1B","TB","MLB"
166,"Kyle Bradish",1136,29.4,"SP","BAL","MLB"
167,"Noelvi Marte",1127,24.3,"3B, OF","CIN","MLB"
168,"Jhoan Duran",1126,28.1,"RP","PHI","MLB"
169,"Wilyer Abreu",1117,26.6,"OF","BOS","MLB"
170,"Ryan Pepiot",1094,28.5,"SP","TB","MLB"
171,"Shane McClanahan",1093,28.8,"SP","TB","AAA"
172,"Joshua Baez",1089,22.6,"OF","STL","AA"
173,"Edwin Diaz",1088,31.9,"RP","LAD","MLB"
174,"Shota Imanaga",1077,32.4,"SP","CHC","MLB"
175,"Andrew Abbott",1071,26.7,"SP","CIN","MLB"
176,"Tanner Bibee",1065,26.9,"SP","CLE","MLB"
177,"Addison Barger",1055,26.2,"3B, OF","TOR","MLB"
178,"Tatsuya Imai",1052,27,"SP, RP","HOU",""
179,"Luis Robert Jr.",1048,28.5,"OF","NYM","MLB"
180,"Ozzie Albies",1036,29.1,"2B","ATL","MLB"
181,"Carlos Rodon",1034,33.2,"SP","NYY","MLB"
182,"Mike Trout",1023,34.5,"OF, UT","LAA","MLB"
183,"Ethan Holliday",1018,18.9,"SS","COL","A"
184,"Connelly Early",1009,23.9,"SP","BOS","MLB"
185,"Josh Hader",1008,31.8,"RP","HOU","MLB"
186,"Gerrit Cole",1007,35.4,"SP","NYY","MLB"
187,"Eli Willits",999,18.2,"SS","WSH","A"
188,"Robby Snelling",997,22.1,"SP","MIA","AAA"
189,"Payton Tolle",996,23.3,"SP","BOS","MLB"
190,"Christian Yelich",986,34.2,"OF, UT","MIL","MLB"
191,"Ceddanne Rafaela",985,25.4,"2B, OF","BOS","MLB"
192,"Chase DeLauter",984,24.3,"OF","CLE","MLB"
193,"Willy Adames",940,30.4,"SS","SF","MLB"
194,"Owen Caissie",938,23.6,"OF","MIA","MLB"
195,"Sandy Alcantara",937,30.4,"SP","MIA","MLB"
196,"Evan Carter",925,23.4,"OF","TEX","MLB"
197,"Liam Doyle",917,21.7,"SP","STL","AA"
198,"Lazaro Montes",899,21.3,"OF","SEA","AA"
199,"Travis Sykora",898,21.8,"SP","WSH","AA"
200,"Shane Bieber",895,30.7,"SP","TOR","MLB"
201,"Hurston Waldrep",895,23.9,"SP","ATL","MLB"
202,"Josue Briceno",894,21.4,"C, 1B","DET","AA"
203,"Seth Hernandez",893,19.6,"SP","PIT","ROK"
204,"Rainiel Rodriguez",888,19.1,"C","STL","A+"
205,"Kerry Carpenter",887,28.4,"OF","DET","MLB"
206,"Kyle Teel",884,23.9,"C","CWS","MLB"
207,"Grayson Rodriguez",880,26.2,"SP","LAA","MLB"
208,"Royce Lewis",878,26.7,"3B","MIN","MLB"
209,"Kyle Manzardo",870,25.6,"1B","CLE","MLB"
210,"Justin Crawford",867,22.1,"OF","PHI","AAA"
211,"Munetaka Murakami",863,25,"3B","CWS",""
212,"Noah Schultz",862,22.5,"SP","CWS","AAA"
213,"Jo Adell",860,26.8,"OF","LAA","MLB"
214,"Luis Castillo",859,33.2,"SP","SEA","MLB"
215,"Logan Henderson",858,23.9,"SP","MIL","MLB"
216,"Francisco Alvarez",849,24.2,"C","NYM","MLB"
217,"Moises Ballesteros",846,22.3,"UT","CHC","MLB"
218,"Heliot Ramos",843,26.4,"OF","SF","MLB"
219,"Jett Williams",843,22.3,"2B, SS, OF","NYM","AAA"
220,"Matt McLain",842,26.5,"2B","CIN","MLB"
221,"Dylan Beavers",840,24.5,"OF","BAL","MLB"
222,"Brandon Woodruff",837,32.9,"SP","MIL","MLB"
223,"Braden Montgomery",834,22.8,"OF","CWS","AA"
224,"2026 Mid 1st",834,,"","",""
225,"Nick Pivetta",830,32.9,"SP","SD","MLB"
226,"Yainer Diaz",825,27.4,"C","HOU","MLB"
227,"Charlie Condon",822,22.8,"1B","COL","AA"
228,"Luis Gil",817,27.7,"SP","NYY","MLB"
229,"2027 Mid 1st",811,,"","",""
230,"Masyn Winn",808,23.9,"SS","STL","MLB"
231,"Emmanuel Rodriguez",806,22.9,"OF","MIN","AAA"
232,"Ryan Waldschmidt",804,23.3,"OF","AZ","AA"
233,"AJ Smith-Shawver",800,23.2,"SP","ATL","MLB"
234,"Zac Gallen",795,30.5,"SP","FA","MLB"
235,"Jack Leiter",783,25.8,"SP","TEX","MLB"
236,"Dalton Rushing",783,24.9,"C","LAD","MLB"
237,"Colton Cowser",780,25.9,"OF","BAL","MLB"
238,"Justin Steele",779,30.6,"SP","CHC","MLB"
239,"Cade Smith",769,26.8,"RP","CLE","MLB"
240,"Reese Olson",767,26.5,"SP","DET","MLB"
241,"Ralphy Velazquez",762,20.7,"1B","CLE","AA"
242,"Trevor Rogers",756,28.2,"SP","BAL","MLB"
243,"Coby Mayo",755,24.2,"1B","BAL","MLB"
244,"Ezequiel Tovar",751,24.5,"SS","COL","MLB"
245,"Jakob Marsee",750,24.6,"OF","MIA","MLB"
246,"Carson Williams",746,22.6,"SS","TB","MLB"
247,"Hagen Smith",746,22.5,"SP","CWS","AA"
248,"Noah Cameron",734,26.6,"SP","KC","MLB"
249,"Jarlin Susana",731,21.9,"SP","WSH","AA"
250,"Brandon Sproat",727,25.4,"SP","MIL","MLB"
251,"Brenton Doyle",725,27.7,"OF","COL","MLB"
252,"Kevin Gausman",724,35.1,"SP","TOR","MLB"
253,"Eugenio Suarez",723,34.6,"3B","CIN","MLB"
254,"Brayan Bello",723,26.7,"SP","BOS","MLB"
255,"George Lombard Jr.",720,20.7,"SS","NYY","AA"
256,"Ian Happ",720,31.5,"OF","CHC","MLB"
257,"Drew Rasmussen",719,30.5,"SP","TB","MLB"
258,"2026 Late 1st",716,,"","",""
259,"Eduardo Quintero",712,20.4,"OF","LAD","A+"
260,"JoJo Parker",709,19.5,"SS","TOR","ROK"
261,"Alec Burleson",708,27.2,"1B, OF","STL","MLB"
262,"Devin Williams",707,31.4,"RP","NYM","MLB"
263,"Teoscar Hernandez",703,33.3,"OF","LAD","MLB"
264,"Aaron Nola",703,32.7,"SP","PHI","MLB"
265,"Sal Frelick",701,25.8,"OF","MIL","MLB"
266,"Casey Mize",689,28.8,"SP","DET","MLB"
267,"Matt Chapman",685,32.8,"3B","SF","MLB"
268,"Zebby Matthews",682,25.7,"SP","MIN","MLB"
269,"Nathan Eovaldi",680,35.9,"SP","TEX","MLB"
270,"Ryan Weathers",678,26.1,"SP","NYY","MLB"
271,"Mike Sirota",676,22.6,"OF","LAD","A+"
272,"Dax Kilby",670,19.2,"SS","NYY","A"
273,"Christian Moore",669,23.3,"2B","LAA","MLB"
274,"Jamie Arnold",661,21.9,"SP","ATH","ROK"
275,"Parker Messick",660,25.3,"SP","CLE","MLB"
276,"Jung Hoo Lee",656,27.5,"OF","SF","MLB"
277,"Mark Vientos",654,26.2,"3B","NYM","MLB"
278,"Gage Jump",654,22.8,"SP","ATH","AA"
279,"Spencer Jones",653,24.7,"OF","NYY","AAA"
280,"Michael Arroyo",650,21.3,"2B","SEA","AA"
281,"Xavier Edwards",646,26.5,"2B, SS","MIA","MLB"
282,"2027 Late 1st",639,,"","",""
283,"Colt Keith",638,24.5,"1B, 2B, 3B","DET","MLB"
284,"Brendan Donovan",631,29.1,"2B, OF","SEA","MLB"
285,"Triston Casas",631,26.1,"1B","BOS","MLB"
286,"Anthony Volpe",627,24.8,"SS","NYY","MLB"
287,"Ryan Sloan",626,20,"SP","SEA","A+"
288,"Dansby Swanson",624,31.9,"SS","CHC","MLB"
289,"Alejandro Kirk",620,27.3,"C","TOR","MLB"
290,"Robbie Ray",615,34.4,"SP","SF","MLB"
291,"Emil Morales",614,19.4,"SS","LAD","A"
292,"Brandon Lowe",613,31.6,"2B","TB","MLB"
293,"Quinn Priester",610,25.4,"SP","MIL","MLB"
294,"Troy Melton",608,25.2,"SP, RP","DET","MLB"
295,"Kodai Senga",606,33,"SP","NYM","MLB"
296,"Chandler Simpson",602,25.2,"OF","TB","MLB"
297,"Spencer Steer",600,28.2,"1B, OF","CIN","MLB"
298,"Gleyber Torres",598,29.2,"2B","DET","MLB"
299,"Bryan Reynolds",597,31,"OF","PIT","MLB"
300,"Joe Boyle",594,26.5,"SP","TB","MLB"
301,"George Springer",592,36.4,"OF","TOR","MLB"
302,"Josuar Gonzalez",591,18.3,"SS","SF","ROK"
303,"Logan O'Hoppe",585,25.9,"C","LAA","MLB"
304,"Taj Bradley",579,24.9,"SP","MIN","MLB"
305,"Bryson Stott",574,28.3,"2B, SS","PHI","MLB"
306,"Alfredo Duno",571,20.1,"C","CIN","A"
307,"Gabriel Moreno",563,25.9,"C","AZ","MLB"
308,"Kaelen Culpepper",561,23.1,"SS","MIN","AA"
309,"Cam Caminiti",559,19.5,"SP","ATL","A"
310,"Will Warren",552,26.6,"SP","NYY","MLB"
311,"Rhett Lowder",550,23.9,"SP","CIN","AAA"
312,"Luis Morales",548,23.4,"SP","ATH","MLB"
313,"Max Meyer",547,26.9,"SP","MIA","MLB"
314,"Franklin Arias",542,20.2,"SS","BOS","AA"
315,"Jose Altuve",542,35.8,"2B, OF","HOU","MLB"
316,"Willson Contreras",542,33.7,"1B","BOS","MLB"
317,"Taylor Ward",540,32.2,"OF","BAL","MLB"
318,"Tyler Bremner",540,21.8,"SP","LAA","ROK"
319,"Jordan Beck",533,24.8,"OF","COL","MLB"
320,"Gage Wood",529,22.2,"SP","PHI","A"
321,"Shane Smith",529,25.8,"SP","CWS","MLB"
322,"Jack Flaherty",521,30.3,"SP","DET","MLB"
323,"Cole Young",517,22.5,"2B","SEA","MLB"
324,"Esmerlyn Valdez",515,22,"OF","PIT","AA"
325,"Kazuma Okamoto",512,29,"1B, 3B","TOR",""
326,"Jacob Reimer",503,21.9,"3B","NYM","AA"
327,"Arjun Nimmala",502,20.3,"SS","TOR","A+"
328,"Quinn Mathews",501,25.3,"SP","STL","AAA"
329,"Kyson Witherspoon",500,21.5,"SP","BOS","ROK"
330,"Daulton Varsho",498,29.6,"OF","TOR","MLB"
331,"Braxton Ashcraft",496,26.3,"SP, RP","PIT","MLB"
332,"Spencer Arrighetti",493,26.1,"SP","HOU","MLB"
333,"Yandy Diaz",493,34.5,"1B","TB","MLB"
334,"Sonny Gray",493,36.3,"SP","BOS","MLB"
335,"Luis Garcia Jr.",492,25.7,"2B","WSH","MLB"
336,"Jhostynxon Garcia",487,23.2,"OF","PIT","MLB"
337,"Aiva Arquette",487,22.3,"SS","MIA","A+"
338,"Theo Gillen",482,20.4,"OF","TB","A"
339,"Brandon Nimmo",480,32.9,"OF","TEX","MLB"
340,"Nolan Schanuel",476,23.9,"1B","LAA","MLB"
341,"Cristian Javier",475,28.9,"SP","HOU","MLB"
342,"Elmer Rodriguez-Cruz",468,22.5,"SP","NYY","AAA"
343,"Harry Ford",468,22.9,"C","WSH","MLB"
344,"Mick Abel",465,24.5,"SP","MIN","MLB"
345,"Jaxon Wiggins",459,24.4,"SP","CHC","AAA"
346,"Brooks Lee",458,24.9,"2B, 3B, SS","MIN","MLB"
347,"Austin Wells",458,26.6,"C","NYY","MLB"
348,"Grant Taylor",453,23.7,"SP, RP","CWS","MLB"
349,"Josh Lowe",452,28,"OF","LAA","MLB"
350,"Felnin Celesten",449,20.4,"SS","SEA","A+"
351,"Clarke Schmidt",449,29.9,"SP","NYY","MLB"
352,"Jose Soriano",447,27.3,"SP","LAA","MLB"
353,"Mitch Keller",447,29.8,"SP","PIT","MLB"
354,"Jonny Farmelo",439,21.4,"OF","SEA","A+"
355,"Daylen Lile",438,23.2,"OF","WSH","MLB"
356,"Brett Baty",435,26.2,"2B, 3B","NYM","MLB"
357,"Carlos Lagrange",434,22.7,"SP","NYY","AA"
358,"Caleb Durbin",434,25.9,"2B, 3B","MIL","MLB"
359,"Ethan Conrad",429,21.6,"OF","CHC","ROK"
360,"Cam Collier",428,21.2,"1B, 3B","CIN","AA"
361,"Trevor Story",427,33.2,"SS","BOS","MLB"
362,"Carlos Correa",424,31.4,"3B, SS","HOU","MLB"
363,"Andrew Vaughn",422,27.9,"1B","MIL","MLB"
364,"Xavier Isaac",417,22.1,"UT","TB","AA"
365,"C.J. Kayfus",417,24.3,"1B, OF","CLE","MLB"
366,"Slade Caldwell",416,19.6,"OF","AZ","A+"
367,"Alec Bohm",414,29.5,"1B, 3B","PHI","MLB"
368,"Chase Dollander",407,24.3,"SP","COL","MLB"
369,"Brandon Pfaadt",402,27.3,"SP","AZ","MLB"
370,"Trent Grisham",401,29.3,"OF","NYY","MLB"
371,"Edgar Quero",401,22.8,"C","CWS","MLB"
372,"Brady Singer",388,29.5,"SP","CIN","MLB"
373,"Luis Arraez",388,28.8,"1B, 2B","FA","MLB"
374,"Brady House",387,22.7,"3B","WSH","MLB"
375,"Brice Matthews",385,23.9,"2B","HOU","MLB"
376,"Jackson Ferris",384,22.1,"SP","LAD","AA"
377,"Jacob Lopez",384,27.9,"SP","ATH","MLB"
378,"2026 Early 2nd",380,,"","",""
379,"Aidan Smith",379,21.5,"OF","TB","A+"
380,"Chase Meidroth",378,24.5,"2B, SS","CWS","MLB"
381,"Kumar Rocker",374,26.2,"SP","TEX","MLB"
382,"Ethan Salas",373,19.7,"C","SD","AA"
383,"Caleb Bonemer",371,20.3,"3B, SS","CWS","A+"
384,"Noble Meyer",371,21.1,"SP","MIA","A+"
385,"Lars Nootbaar",366,28.4,"OF","STL","MLB"
386,"Caden Scarborough",361,20.9,"SP","TEX","A+"
387,"Ramon Laureano",360,31.6,"OF","SD","MLB"
388,"Colby Thomas",359,25,"OF","ATH","MLB"
389,"Ryan Clifford",358,22.6,"1B, OF","NYM","AAA"
390,"Ryne Nelson",357,28,"SP, RP","AZ","MLB"
391,"Trevor Megill",356,32.2,"RP","MIL","MLB"
392,"Cooper Pratt",356,21.5,"SS","MIL","AA"
393,"Bryan Abreu",356,28.8,"RP","HOU","MLB"
394,"Jurrangelo Cijntje",355,22.7,"SP","STL","AA"
395,"Ryan Helsley",355,31.6,"RP","BAL","MLB"
396,"Jaison Chourio",353,20.7,"OF","CLE","A+"
397,"Anthony Santander",352,31.3,"OF, UT","TOR","MLB"
398,"Eduardo Tait",352,19.5,"C","MIN","A+"
399,"Bailey Ober",351,30.6,"SP","MIN","MLB"
400,"Jordan Walker",351,23.7,"OF","STL","MLB"
401,"Termarr Johnson",349,21.7,"2B","PIT","AA"
402,"Alex Freeland",348,24.5,"2B, 3B","LAD","MLB"
403,"David Festa",344,25.9,"SP","MIN","MLB"
404,"Ricky Tiedemann",339,23.5,"SP","TOR","MLB"
405,"2027 Early 2nd",338,,"","",""
406,"Hunter Barco",336,25.2,"RP","PIT","MLB"
407,"Connor Norby",331,25.7,"3B","MIA","MLB"
408,"2027 Mid 2nd",331,,"","",""
409,"Kayson Cunningham",330,19.6,"SS","AZ","A"
410,"Ian Seymour",329,27.2,"SP, RP","TB","MLB"
411,"Christian Scott",329,26.7,"SP","NYM","MLB"
412,"Josh Jung",329,27.9,"3B","TEX","MLB"
413,"Robert Suarez",328,34.9,"RP","ATL","MLB"
414,"Abner Uribe",327,25.6,"RP","MIL","MLB"
415,"Salvador Perez",326,35.8,"C, 1B","KC","MLB"
416,"Kyle Harrison",325,24.5,"SP","BOS","MLB"
417,"TJ Friedl",325,30.5,"OF","CIN","MLB"
418,"Tommy Troy",321,24.1,"2B, OF","AZ","AAA"
419,"Jorge Polanco",320,32.6,"2B","NYM","MLB"
420,"Jeferson Quero",316,23.3,"C","MIL","AAA"
421,"Aroon Escobar",316,21.1,"2B","PHI","AA"
422,"Reid Detmers",314,26.6,"RP","LAA","MLB"
423,"Kevin Alcantara",314,23.6,"OF","CHC","MLB"
424,"Michael Forret",313,21.8,"SP","TB","AA"
425,"Chase Petty",312,22.8,"SP","CIN","MLB"
426,"Braylon Payne",311,19.5,"OF","MIL","A"
427,"Juan Sanchez",311,18.4,"3B, SS","TOR","ROK"
428,"Hayden Birdsong",310,24.4,"SP, RP","SF","MLB"
429,"Otto Lopez",309,27.4,"2B, SS","MIA","MLB"
430,"Clay Holmes",304,32.9,"SP","NYM","MLB"
431,"Xander Bogaerts",303,33.4,"SS","SD","MLB"
432,"Landen Roupp",301,27.4,"SP","SF","MLB"
433,"Tommy White",298,22.9,"3B","ATH","AA"
434,"Jurickson Profar",297,32.9,"OF","ATL","MLB"
435,"Slade Cecconi",297,26.6,"SP","CLE","MLB"
436,"Ryan O'Hearn",294,32.5,"1B, OF","PIT","MLB"
437,"Daniel Palencia",294,26,"RP","CHC","MLB"
438,"2026 Mid 2nd",293,,"","",""
439,"Angel Genao",293,21.7,"3B, SS","CLE","AA"
440,"Andrew Fischer",290,21.7,"3B","MIL","A+"
441,"David Bednar",289,31.3,"RP","NYY","MLB"
442,"Jeremiah Estrada",287,27.3,"RP","SD","MLB"
443,"Seth Lugo",287,36.2,"SP","KC","MLB"
444,"Jacob Melton",287,25.4,"OF","TB","MLB"
445,"Orion Kerkering",286,24.8,"RP","PHI","MLB"
446,"Matthew Liberatore",284,26.3,"SP","STL","MLB"
447,"Jeff Hoffman",284,33.1,"RP","TOR","MLB"
448,"Johnny King",282,19.5,"SP","TOR","A"
449,"Christian Walker",281,34.9,"1B","HOU","MLB"
450,"Joe Musgrove",280,33.2,"SP","SD","MLB"
451,"Felix Bautista",280,30.6,"RP","BAL","MLB"
452,"Dillon Dingler",279,27.4,"C","DET","MLB"
453,"Miguel Vargas",278,26.2,"1B, 3B","CWS","MLB"
454,"Jose Berrios",277,31.7,"SP","TOR","MLB"
455,"Gavin Fien",277,18.9,"3B, SS","WSH","A"
456,"Victor Scott II",277,24.9,"OF","STL","MLB"
457,"Randy Rodriguez",276,26.4,"RP","SF","MLB"
458,"Steele Hall",276,18.5,"SS","CIN","ROK"
459,"Andres Gimenez",275,27.4,"2B, SS","TOR","MLB"
460,"Tre' Morgan",274,23.6,"1B","TB","AAA"
461,"Tommy Edman",273,30.8,"2B, 3B, OF","LAD","MLB"
462,"Tink Hence",272,23.5,"SP","STL","AA"
463,"James Tibbs III",271,23.4,"OF","LAD","AA"
464,"Ronny Mauricio",269,24.8,"3B","NYM","MLB"
465,"Zac Veen",268,24.2,"OF","COL","MLB"
466,"J.R. Ritchie",267,22.6,"SP","ATL","AAA"
467,"Jack Perkins",264,26.1,"SP, RP","ATH","MLB"
468,"Billy Carlson",262,19.5,"SS","CWS","ROK"
469,"Jonathon Long",260,24.1,"1B","CHC","AAA"
470,"Merrill Kelly",260,37.3,"SP","AZ","MLB"
471,"Joe Mack",260,23.1,"C","MIA","AAA"
472,"Pete Fairbanks",259,32.1,"RP","MIA","MLB"
473,"Parker Meadows",257,26.3,"OF","DET","MLB"
474,"Brock Wilken",256,23.6,"3B","MIL","AA"
475,"Max Muncy",255,23.5,"2B, 3B","ATH","MLB"
476,"Kash Mayfield",255,21,"SP","SD","A"
477,"Nate George",254,19.7,"OF","BAL","A+"
478,"Zack Gelof",254,26.3,"2B","ATH","MLB"
479,"Justin Martinez",252,24.5,"RP","AZ","MLB"
480,"Drew Gilbert",249,25.4,"OF","SF","MLB"
481,"Max Muncy",249,35.5,"3B","LAD","MLB"
482,"Brody Hopkins",248,24.1,"SP","TB","AA"
483,"Edwin Arroyo",246,22.5,"SS","CIN","AA"
484,"Simeon Woods Richardson",246,25.4,"SP","MIN","MLB"
485,"Ben Brown",246,26.4,"SP, RP","CHC","MLB"
486,"Griffin Jax",245,31.2,"SP, RP","TB","MLB"
487,"Khal Stephen",243,23.1,"SP","CLE","AA"
488,"Ben Hess",241,23.4,"SP","NYY","AA"
489,"Adrian Morejon",239,26.9,"RP","SD","MLB"
490,"Adael Amador",239,22.8,"2B","COL","MLB"
491,"Blake Mitchell",239,21.5,"C","KC","A+"
492,"Hyeseong Kim",239,27,"2B, SS, OF","LAD","MLB"
493,"Brandon Clarke",236,22.8,"SP","STL","A+"
494,"Jesus Sanchez",236,28.3,"OF","HOU","MLB"
495,"Owen Murphy",234,22.4,"SP","ATL","A+"
496,"Grant Holmes",231,29.9,"SP","ATL","MLB"
497,"Deyvison De Los Santos",229,22.6,"3B","MIA","AAA"
498,"David Peterson",228,30.4,"SP","NYM","MLB"
499,"Caden Dana",228,22.1,"SP","LAA","MLB"
500,"Josh Smith",228,28.5,"1B, 3B, SS, OF","TEX","MLB"
501,"Gavin Stone",227,27.3,"SP","LAD","MLB"
502,"Kruz Schoolcraft",226,18.8,"SP","SD","A"
503,"Matthew Boyd",225,35,"SP","CHC","MLB"
504,"Sean Burke",223,26.1,"SP","CWS","MLB"
505,"Dustin May",222,28.4,"SP","STL","MLB"
506,"2026 Late 2nd",221,,"","",""
507,"Blade Tidwell",221,24.7,"SP","SF","MLB"
508,"Jace Jung",219,25.3,"3B","DET","MLB"
509,"Marcus Semien",219,35.4,"2B","NYM","MLB"
510,"Matt Wallner",217,28.2,"OF","MIN","MLB"
511,"Luisangel Acuna",216,23.9,"2B","CWS","MLB"
512,"Robert Calaz",212,20.2,"OF","COL","A"
513,"Carson Whisenhunt",211,25.3,"SP","SF","MLB"
514,"Garrett Mitchell",210,27.4,"OF","MIL","MLB"
515,"Kendry Chourio",210,18.4,"SP","KC","A"
516,"Cade Cavalli",209,27.5,"SP","WSH","MLB"
517,"Tyler Locklear",208,25.2,"1B","AZ","MLB"
518,"Jake Burger",206,29.8,"1B","TEX","MLB"
519,"Adolis Garcia",206,32.9,"OF","PHI","MLB"
520,"Thayron Liranzo",204,22.6,"C","DET","AA"
521,"Lucas Giolito",203,31.6,"SP","FA","MLB"
522,"Robert Gasser",203,26.7,"SP","MIL","MLB"
523,"Zack Littell",195,30.3,"SP","FA","MLB"
524,"Kendry Rojas",195,23.2,"SP","MIN","AAA"
525,"Ha-Seong Kim",195,30.3,"SS","ATL","MLB"
526,"2027 Late 2nd",194,,"","",""
527,"Bobby Miller",193,26.8,"SP, RP","LAD","MLB"
528,"Tyler O'Neill",193,30.6,"OF","BAL","MLB"
529,"J.T. Realmuto",190,34.9,"C","PHI","MLB"
530,"Tyson Lewis",189,20.1,"SS","CIN","A"
531,"Aroldis Chapman",189,37.9,"RP","BOS","MLB"
532,"Christian Encarnacion-Strand",189,26.2,"1B","CIN","MLB"
533,"Gage Stanifer",189,22.2,"SP, RP","TOR","AA"
534,"Joendry Vargas",188,20.3,"SS","LAD","A"
535,"Mike Burrows",188,26.3,"SP","HOU","MLB"
536,"Ike Irish",188,22.2,"C, 1B","BAL","A"
537,"Tyler Stephenson",187,29.5,"C","CIN","MLB"
538,"Demetrio Crisantes",187,21.4,"2B","AZ","A+"
539,"Richard Fitts",185,26.1,"SP","STL","MLB"
540,"Nolan Gorman",185,25.8,"2B, 3B","STL","MLB"
541,"Logan Evans",184,24.7,"SP","SEA","MLB"
542,"Gavin Kilen",183,21.9,"SS","SF","A"
543,"Michael McGreevy",181,25.6,"SP","STL","MLB"
544,"Seaver King",181,22.8,"SS","WSH","AA"
545,"Cade Povich",178,25.8,"SP","BAL","MLB"
546,"Carlos Narvaez",175,27.2,"C","BOS","MLB"
547,"Bo Naylor",173,25.9,"C","CLE","MLB"
548,"Luis Matos",173,24,"OF","SF","MLB"
549,"Gabriel Gonzalez",172,22.1,"OF","MIN","AAA"
550,"Trey Gibson",172,23.7,"SP","BAL","AAA"
551,"George Klassen",171,24,"SP","LAA","AAA"
552,"Cedric Mullins",170,31.4,"OF","TB","MLB"
553,"Robert Hassell",170,24.5,"OF","WSH","MLB"
554,"Thomas Saggese",170,23.8,"2B, 3B, SS","STL","MLB"
555,"Marcell Ozuna",170,35.2,"UT","FA","MLB"
556,"DJ Herz",166,25.1,"SP","WSH","MLB"
557,"Dasan Hill",165,20.1,"SP","MIN","A+"
558,"Zach Eflin",164,31.8,"SP","BAL","MLB"
559,"Johan Oviedo",159,27.9,"SP","BOS","MLB"
560,"Tanner Scott",157,31.6,"RP","LAD","MLB"
561,"Lourdes Gurriel Jr.",157,32.3,"OF","AZ","MLB"
562,"Ryan Mountcastle",156,28.9,"1B","BAL","MLB"
563,"Matt Brash",156,27.7,"RP","SEA","MLB"
564,"Jace LaViolette",156,22.2,"OF","CLE","ROK"
565,"Reynaldo Lopez",155,32.1,"SP","ATL","MLB"
566,"Camilo Doval",155,28.6,"RP","NYY","MLB"
567,"Ernie Clement",154,29.9,"1B, 2B, 3B, SS","TOR","MLB"
568,"Enrique Bradfield Jr.",153,24.2,"OF","BAL","AAA"
569,"Logan Allen",150,27.4,"SP","CLE","MLB"
570,"Lucas Erceg",150,30.8,"RP","KC","MLB"
571,"Trevor Larnach",149,28.9,"OF, UT","MIN","MLB"
572,"Bryce Cunningham",147,23.1,"SP","NYY","A+"
573,"Joey Cantillo",147,26.1,"SP, RP","CLE","MLB"
574,"Isaac Collins",147,28.6,"OF","KC","MLB"
575,"Chad Patrick",146,27.5,"SP","MIL","MLB"
576,"Willi Castro",146,28.8,"2B, 3B, OF","COL","MLB"
577,"Alejandro Rosario",145,24.1,"SP","WSH","AA"
578,"Luis Severino",144,31.9,"SP","ATH","MLB"
579,"Luis Perales",140,22.8,"SP, RP","WSH","AAA"
580,"Druw Jones",140,22.2,"OF","AZ","A+"
581,"Luke Weaver",140,32.5,"RP","NYM","MLB"
582,"Joey Ortiz",140,27.6,"SS","MIL","MLB"
583,"Hector Rodriguez",138,21.9,"OF","CIN","AAA"
584,"Yusei Kikuchi",137,34.6,"SP","LAA","MLB"
585,"Jefferson Rojas",137,20.8,"2B, SS","CHC","AA"
586,"2026 Early 3rd",137,,"","",""
587,"A.J. Ewing",136,21.5,"OF","NYM","AA"
588,"Luis Hernandez",135,17.3,"SS","SF","ROK"
589,"Tai Peete",134,20.5,"OF","SEA","A+"
590,"Jhonny Level",134,18.9,"SS","SF","A"
591,"Cris Rodriguez",133,18,"OF","DET","ROK"
592,"Didier Fuentes",133,20.6,"SP","ATL","MLB"
593,"Wenceel Perez",133,26.3,"OF","DET","MLB"
594,"Edwin Uceta",132,28.1,"RP","TB","MLB"
595,"Blaze Jordan",132,23.1,"1B, 3B","STL","AAA"
596,"Heston Kjerstad",131,26.9,"OF","BAL","MLB"
597,"Thomas Harrington",131,24.6,"RP","PIT","MLB"
598,"Tyler Mahle",131,31.4,"SP","SF","MLB"
599,"Ronny Henriquez",131,25.6,"RP","MIA","MLB"
600,"Braxton Garrett",129,28.5,"SP","MIA","MLB"
601,"Ben Casparius",127,26.9,"SP, RP","LAD","MLB"
602,"Garrett Whitlock",126,29.7,"RP","BOS","MLB"
603,"Ryan Jeffers",126,28.7,"C","MIN","MLB"
604,"Kahlil Watson",125,22.8,"SS, OF","CLE","AAA"
605,"Kutter Crawford",124,29.9,"SP","BOS","MLB"
606,"J.P. Crawford",124,31.1,"SS","SEA","MLB"
607,"Braylon Doughty",124,20.2,"SP","CLE","A"
608,"Elian Pena",123,18.3,"SS","NYM","ROK"
609,"Henry Bolte",123,22.5,"OF","ATH","AAA"
610,"Drew Thorpe",122,25.4,"SP","CWS","MLB"
611,"Justin Wrobleski",121,25.6,"SP, RP","LAD","MLB"
612,"River Ryan",120,27.5,"SP","LAD","MLB"
613,"Daniel Pierce",117,19.5,"SS","TB","ROK"
614,"Xavier Neyens",116,19.3,"3B","HOU","ROK"
615,"Nelson Rada",116,20.5,"OF","LAA","AAA"
616,"Jake Cronenworth",116,32,"1B, 2B, SS","SD","MLB"
617,"2027 Early 3rd",113,,"","",""
618,"Jonathan India",112,29.2,"2B, 3B, OF","KC","MLB"
619,"Jose Caballero",112,29.4,"2B, 3B, SS, OF","NYY","MLB"
620,"Ching-Hsien Ko",112,19.5,"OF","LAD","A"
621,"Tanner McDougal",112,22.8,"SP","CWS","AA"
622,"Chris Bassitt",111,36.9,"SP","FA","MLB"
623,"Will Vest",111,30.7,"RP","DET","MLB"
624,"2026 Mid 3rd",110,,"","",""
625,"Christopher Morel",108,26.6,"OF","MIA","MLB"
626,"Austin Hays",108,30.6,"OF","CWS","MLB"
627,"Carlos Estevez",107,33.1,"RP","KC","MLB"
628,"Sean Murphy",107,31.3,"C","ATL","MLB"
629,"Ryan Walker",106,30.2,"RP","SF","MLB"
630,"Santiago Suarez",106,21.1,"SP","TB","AAA"
631,"Denzel Clarke",106,25.8,"OF","ATH","MLB"
632,"Michael Soroka",105,28.5,"SP","AZ","MLB"
633,"Gavin Lux",105,28.2,"2B, OF","TB","MLB"
634,"Spencer Horwitz",104,28.2,"1B","PIT","MLB"
635,"Cody Ponce",103,31,"SP","TOR",""
636,"Rhys Hoskins",103,32.9,"1B","FA","MLB"
637,"Alex Clemmey",102,20.6,"SP","WSH","AA"
638,"Mickey Moniak",102,27.7,"OF","COL","MLB"
639,"Gabriel Arias",100,25.9,"2B, SS","CLE","MLB"
640,"JP Sears",100,29.9,"SP","SD","MLB"
641,"Charlee Soto",100,20.4,"SP","MIN","A+"
642,"Daniel Espino",99,25.1,"SP","CLE","AAA"
643,"JJ Bleday",98,28.2,"OF","CIN","MLB"
644,"Emilio Pagan",96,34.8,"RP","CIN","MLB"
645,"Kemp Alderman",96,23.5,"OF","MIA","AAA"
646,"Jack Dreyer",94,26.9,"SP, RP","LAD","MLB"
647,"Yoniel Curet",94,23.3,"SP","PHI","AAA"
648,"Zach McKinstry",92,30.8,"3B, SS, OF","DET","MLB"
649,"Ben Joyce",92,25.4,"RP","LAA","MLB"
650,"T.J. Nichols",92,23.6,"SP","TB","AA"
651,"Warming Bernabel",92,23.7,"1B","WSH","MLB"
652,"Welbyn Francisca",91,19.7,"SS","CLE","A"
653,"Nolan Arenado",91,34.8,"3B","AZ","MLB"
654,"2026 Late 3rd",90,,"","",""
655,"Jeffrey Springs",90,33.4,"SP","ATH","MLB"
656,"Cole Carrigg",90,23.8,"OF","COL","AA"
657,"Ryan Johnson",90,23.5,"RP","LAA","MLB"
658,"Brandon Marsh",89,28.1,"OF","PHI","MLB"
659,"Dominic Canzone",89,28.5,"OF","SEA","MLB"
660,"Giancarlo Stanton",88,36.3,"OF, UT","NYY","MLB"
661,"Keibert Ruiz",87,27.6,"C","WSH","MLB"
662,"Juneiker Caceres",87,18.5,"OF","CLE","A"
663,"Shotaro Morii",86,19.2,"SS","ATH","ROK"
664,"Juan Brito",86,24.4,"2B, SS","CLE","AAA"
665,"Kellon Lindsey",86,20.4,"SS","LAD","A"
666,"Porter Hodge",86,24.9,"RP","CHC","MLB"
667,"Angel Martinez",86,24,"2B, OF","CLE","MLB"
668,"PJ Morlando",85,20.7,"OF","MIA","A"
669,"Blaze Alexander",85,26.7,"2B, 3B","BAL","MLB"
670,"Victor Robles",85,28.7,"OF","SEA","MLB"
671,"Miguel Ullola",85,23.6,"SP","HOU","AAA"
672,"JD Dix",85,20.3,"2B","AZ","A"
673,"Yanquiel Fernandez",84,23.1,"OF","NYY","MLB"
674,"Sean Gamble",83,19.6,"SS","KC","ROK"
675,"Tony Santillan",81,28.8,"RP","CIN","MLB"
676,"Max Anderson",81,23.9,"2B","DET","AAA"
677,"Brayan Rocchio",81,25.1,"2B, SS","CLE","MLB"
678,"Yoeilin Cespedes",80,20.4,"2B","BOS","A"
679,"Luke Adams",79,21.8,"1B, 3B","MIL","AA"
680,"Bryce Elder",79,26.7,"SP","ATL","MLB"
681,"Nacho Alvarez Jr.",79,22.8,"3B","ATL","MLB"
682,"Ty Johnson",78,24.4,"SP","TB","AA"
683,"Dorian Soto",78,17.9,"SS","BOS","ROK"
684,"Lenyn Sosa",78,26,"1B, 2B","CWS","MLB"
685,"Josh Adamczewski",78,20.8,"SS","MIL","A+"
686,"Brailer Guerrero",77,19.6,"OF","TB","A"
687,"Nick Castellanos",77,33.9,"OF","PHI","MLB"
688,"Nick Gonzales",76,26.7,"2B, SS","PIT","MLB"
689,"Michael Wacha",75,34.6,"SP","KC","MLB"
690,"Raisel Iglesias",75,36.1,"RP","ATL","MLB"
691,"Elijah Green",75,22.2,"OF","WSH","A+"
692,"Sean Manaea",75,34,"SP","NYM","MLB"
693,"Esteban Mejia",74,18.9,"SP","BAL","A"
694,"Devin Taylor",74,22.1,"OF","ATH","A"
695,"Bo Davidson",74,23.6,"OF","SF","AA"
696,"Dean Kremer",74,30.1,"SP","BAL","MLB"
697,"Brayden Taylor",73,23.7,"2B, 3B","TB","AA"
698,"James Triantos",73,23,"2B, 3B, OF","CHC","AAA"
699,"Marek Houston",72,21.8,"SS","MIN","A+"
700,"Jose Ferrer",72,25.9,"RP","SEA","MLB"
701,"Josh Hammond",72,19.4,"3B, SS","KC","ROK"
702,"Luke Dickerson",72,20.5,"2B, SS","WSH","A"
703,"Eric Bitonti",72,20.2,"1B","MIL","A"
704,"Paulino Santana",71,19.2,"OF","TEX","A"
705,"Gavin Sheets",71,29.8,"1B, OF","SD","MLB"
706,"Andrew Salas",70,17.9,"OF","MIA","A"
707,"Anderson Brito",70,21.6,"SP","TB","A+"
708,"Max Acosta",70,23.3,"3B","MIA","MLB"
709,"Miguel Amaya",69,26.9,"C","CHC","MLB"
710,"Orelvis Martinez",69,24.2,"2B","WSH","AAA"
711,"Hunter Dobbins",68,26.4,"SP","STL","MLB"
712,"Eric Lauer",68,30.7,"SP, RP","TOR","MLB"
713,"Hao-Yu Lee",66,23,"2B, 3B","DET","AAA"
714,"Hunter Gaddis",64,27.8,"RP","CLE","MLB"
715,"Moises Chace",64,22.7,"SP","PHI","AA"
716,"Tyler Freeman",64,26.7,"2B, OF","COL","MLB"
717,"Ryan McMahon",63,31.2,"3B","NYY","MLB"
718,"David Davalillo",63,23.4,"SP","TEX","AA"
719,"Yorger Bautista",63,18.4,"OF","SEA","ROK"
720,"Kevin Alvarez",63,18.1,"OF","HOU","ROK"
721,"Walker Buehler",62,31.5,"SP","FA","MLB"
722,"Ke'Bryan Hayes",62,29,"3B","CIN","MLB"
723,"Roderick Arias",62,21.4,"SS","NYY","A"
724,"Alek Thomas",62,25.8,"OF","AZ","MLB"
725,"2027 Mid 3rd",62,,"","",""
726,"Zach Cole Jr.",62,25.5,"OF","HOU","MLB"
727,"Blake Burke",61,22.7,"1B","MIL","AA"
728,"Jameson Taillon",61,34.2,"SP","CHC","MLB"
729,"Harrison Bader",60,31.7,"OF","SF","MLB"
730,"Stephen Kolek",60,28.8,"SP","KC","MLB"
731,"JoJo Romero",60,29.4,"RP","STL","MLB"
732,"Jonathan Santucci",59,23.1,"SP","NYM","AA"
733,"Nathaniel Lowe",59,30.6,"1B","FA","MLB"
734,"Luis De Leon",58,22.8,"SP","BAL","AA"
735,"Jordan Leasure",57,27.5,"RP","CWS","MLB"
736,"Kyle Finnegan",57,34.4,"RP","DET","MLB"
737,"Masataka Yoshida",55,32.6,"UT","BOS","MLB"
738,"Patrick Bailey",55,26.7,"C","SF","MLB"
739,"Jared Thomas",54,22.6,"OF","COL","AA"
740,"Ryan Bergert",54,25.9,"SP","KC","MLB"
741,"Romy Gonzalez",53,29.4,"1B, 2B","BOS","MLB"
742,"Tyler Black",53,25.5,"1B","MIL","MLB"
743,"Jack Wenninger",52,23.9,"SP","NYM","AA"
744,"Brody Brecht",52,23.4,"SP","COL","A"
745,"Brad Keller",52,30.5,"RP","PHI","MLB"
746,"Chase Hampton",51,24.5,"SP","NYY","MLB"
747,"Connor Prielipp",51,25.1,"SP","MIN","AAA"
748,"Jeff McNeil",50,33.8,"2B, OF","ATH","MLB"
749,"Brandon Winokur",50,21.1,"3B, SS, OF","MIN","A+"
750,"2027 Late 3rd",50,,"","",""
751,"Patrick Forbes",49,21.6,"SP","AZ","ROK"
752,"Gino Groover",49,23.8,"3B","AZ","AA"
753,"Jose Perdomo",49,19.4,"SS","ATL","ROK"
754,"Kyle Karros",49,23.5,"3B","COL","MLB"
755,"Cooper Ingle",49,23.9,"C","CLE","AAA"
756,"Aaron Ashby",48,27.7,"RP","MIL","MLB"
757,"Gabe Speier",48,30.8,"RP","SEA","MLB"
758,"Jake Mangum",48,29.9,"OF","PIT","MLB"
759,"Tyler Wells",48,31.5,"SP","BAL","MLB"
760,"Jeremiah Jackson",47,25.9,"3B, OF","BAL","MLB"
761,"Abimelec Ortiz",47,23.9,"1B, OF","WSH","AAA"
762,"Nick Yorke",46,23.9,"2B","PIT","MLB"
763,"Starlyn Caba",46,20.2,"SS","MIA","A"
764,"Caden Bodine",45,22.2,"C","TB","A"
765,"Jared Triolo",44,28,"1B, 2B, 3B, SS","PIT","MLB"
766,"Janson Junk",44,30.1,"SP","MIA","MLB"
767,"Justin Gonzales",44,19.1,"OF","BOS","A+"
768,"Heriberto Hernandez",43,26.1,"OF","MIA","MLB"
769,"A.J. Blubaugh",43,25.6,"SP, RP","HOU","MLB"
770,"Hyun-Seok Jang",42,21.9,"SP","LAD","A"
771,"Sung-Mun Song",42,29,"2B, 3B","SD",""
772,"Robert Garcia",41,29.7,"RP","TEX","MLB"
773,"Davis Martin",41,29.1,"SP","CWS","MLB"
774,"Charles Davalan",40,22.1,"OF","LAD","A"
775,"Vance Honeycutt",40,22.7,"OF","BAL","A+"
776,"Brad Lord",39,25.9,"SP, RP","WSH","MLB"
777,"Dennis Santana",39,29.8,"RP","PIT","MLB"
778,"Calvin Faucher",39,30.4,"RP","MIA","MLB"
779,"Marco Luciano",39,24.4,"OF","BAL","AAA"
780,"Carson Kelly",38,31.6,"C","CHC","MLB"
781,"Matt Strahm",38,34.2,"RP","KC","MLB"
782,"David Shields",38,19.4,"SP","KC","A"
783,"Gary Gill Hill",37,21.4,"SP","TB","A+"
784,"Javier Baez",37,33.2,"2B, 3B, SS, OF","DET","MLB"
785,"Andrew Benintendi",36,31.6,"OF","CWS","MLB"
786,"Kody Clemens",36,29.7,"1B, 2B, OF","MIN","MLB"
787,"Josh Bell",35,33.5,"1B","MIN","MLB"
788,"Lane Thomas",35,30.5,"OF","KC","MLB"
789,"Dylan Lesko",35,22.4,"RP","TB","A+"
790,"Riley Quick",34,21,"SP","MIN",""
791,"Bryan King",34,29.3,"RP","HOU","MLB"
792,"Mikey Romero",34,22.1,"2B, 3B, SS","BOS","AAA"
793,"Eduardo Rodriguez",33,32.8,"SP","AZ","MLB"
794,"Brock Porter",33,22.7,"RP","TEX","A+"
795,"Luis Rengifo",33,28.9,"2B, 3B, OF","FA","MLB"
796,"Henry Lalane",32,21.7,"SP","NYY","A"
797,"Slater de Brun",32,18,"OF","TB",""
798,"Drue Hackenberg",32,23.9,"SP","ATL","AA"
799,"Phil Maton",31,32.9,"RP","CHC","MLB"
800,"Jake Meyers",31,29.6,"OF","HOU","MLB"
801,"George Valera",31,25.2,"UT","CLE","MLB"
802,"Griffin Burkholder",31,20.4,"OF","PHI","A"
803,"Nathan Lukes",31,31.6,"OF","TOR","MLB"
804,"Alex Vesia",31,29.8,"RP","LAD","MLB"
805,"Winston Santos",30,23.8,"SP","TEX","AAA"
806,"Kevin Defrank",30,17.5,"SP","MIA","ROK"
807,"Jaden Hamm",30,23.4,"SP","DET","AA"
808,"Kenley Jansen",30,38.4,"RP","DET","MLB"
809,"Ethan Frey",29,21.9,"OF","HOU","A"
810,"Nick Martinez",28,35.5,"SP, RP","FA","MLB"
811,"Mitch Bratt",27,22.6,"SP","AZ","AA"
812,"Zachary Root",26,21,"SP","LAD",""
813,"Edgardo Henriquez",26,23.6,"RP","LAD","MLB"
814,"Connor Phillips",26,24.8,"RP","CIN","MLB"
815,"J.T. Ginn",26,26.7,"SP","ATH","MLB"
816,"Cody Bradford",26,27.9,"SP, RP","TEX","MLB"
817,"Michael Lorenzen",25,34.1,"SP","COL","MLB"
818,"Jorge Soler",25,33.9,"OF","LAA","MLB"
819,"Sam Antonacci",25,23,"2B, 3B","CWS","AA"
820,"Mike Yastrzemski",25,35.5,"OF","ATL","MLB"
821,"Austin Martin",23,26.9,"OF","MIN","MLB"
822,"Tekoah Roby",23,24.4,"SP","STL","AAA"
823,"Trevor McDonald",23,24.9,"SP","SF","MLB"
824,"Wehiwa Aloy",23,22,"SS","BAL","A"
825,"Andrew Kittredge",22,35.9,"RP","BAL","MLB"
826,"Leonardo Bernal",21,21.9,"C","STL","AA"
827,"Tyler Rogers",21,35.1,"RP","TOR","MLB"
828,"Quentin Young",20,18.9,"SS","MIN","A"
829,"Javier Sanoja",20,23.4,"2B, 3B, SS, OF, RP","MIA","MLB"
830,"Alek Manoah",20,28.1,"SP","LAA","AAA"
831,"Victor Vodnik",19,26.3,"RP","COL","MLB"
832,"Max Scherzer",19,41.5,"SP","FA","MLB"
833,"Vaughn Grissom",18,25.1,"2B","LAA","AAA"
834,"Miguel Bleis",18,21.9,"OF","BOS","AA"
835,"Mitch Voit",18,21.4,"2B","NYM","A"
836,"Colin Rea",18,35.6,"SP","CHC","MLB"
837,"Adrian Houser",17,33,"SP","SF","MLB"
838,"Bishop Letson",16,21.4,"SP","MIL","AA"
839,"Kyle Freeland",16,32.7,"SP","COL","MLB"
840,"Garrett Cleavinger",15,31.8,"RP","TB","MLB"
841,"Ethan Pecko",15,23.5,"SP","HOU","AAA"
842,"Jason Adam",14,34.5,"RP","SD","MLB"
843,"Fernando Cruz",14,35.9,"RP","NYY","MLB"
844,"Brendan Summerhill",13,22.2,"OF","TB","A"
845,"Jose Quintana",12,37,"SP","FA","MLB"
846,"Jake Irvin",12,28.9,"SP","WSH","MLB"
847,"Enmanuel Tejeda",10,21.1,"2B","NYY","A"
848,"Calvin Ziegler",10,23.4,"SP","NYM","A+"
849,"Osleivis Basabe",10,25.4,"2B, 3B, SS","SF","AAA"
850,"Manuel Beltre",10,21.7,"SS","TOR","A"
851,"Garrett Baumann",10,21.5,"SP","ATL","A+"
852,"Homer Bush Jr.",10,24.3,"OF","TB","AA"
853,"Kala'i Rosario",10,23.6,"OF","MIN","AA"
854,"Jesus Tinoco",10,30.8,"RP","MIA","MLB"
855,"Tyler Gentry",10,27,"OF","KC","AAA"
856,"Yu Darvish",10,39.5,"SP","SD","MLB"
857,"John Means",10,32.8,"SP","FA","AAA"
858,"Billy Cook",10,27.1,"OF","PIT","MLB"
859,"Griffin Conine",10,28.6,"OF","MIA","MLB"
860,"Kevin Newman",10,32.5,"3B, SS","KC","MLB"
861,"Nick Mears",10,29.3,"RP","KC","MLB"
862,"Tyson Miller",10,30.5,"RP","CWS","AAA"
863,"Eli Morgan",10,29.7,"RP","KC","MLB"
864,"Niko Kavadas",10,27.3,"1B","LAA","MLB"
865,"Jared Serna",10,23.7,"2B, SS","MIA","AAA"
866,"Nazzan Zanetello",10,20.7,"2B, SS","BOS","A+"
867,"Jared Koenig",10,32,"RP","MIL","MLB"
868,"Scott Kingery",10,31.8,"2B","CHC","MLB"
869,"Kyle Farmer",10,35.5,"1B, 2B, 3B, SS","ATL","MLB"
870,"Hunter Bigge",10,27.7,"RP","TB","MLB"
871,"Cooper Bowman",10,26,"2B, OF","ATH","AAA"
872,"Greg Jones",10,27.9,"OF","FA","MLB"
873,"Jack Neely",10,25.7,"RP","CHC","AAA"
874,"JT Brubaker",10,32.2,"RP","SF","MLB"
875,"Jackson Baumeister",10,23.6,"SP","TB","AA"
876,"William Bergolla",10,21.3,"SS","CWS","AA"
877,"Steven Okert",10,34.6,"RP","HOU","MLB"
878,"Damiano Palmegiani",10,26,"1B","TOR","AAA"
879,"Trace Bright",10,25.3,"SP, RP","BAL","AA"
880,"Roberto Campos",10,22.7,"OF","DET","AA"
881,"Cameron Cauley",10,23,"2B, SS, OF","TEX","AA"
882,"Won-Bin Cho",10,22.5,"OF","STL","A+"
883,"Humberto Cruz",10,19.1,"SP","SD","A"
884,"Will Dion",10,25.8,"SP, RP","CLE","AAA"
885,"Cade Doughty",10,24.9,"2B, 3B, SS","TOR","AA"
886,"Austin Hendrick",10,24.7,"OF","CIN","AA"
887,"Victor Hurtado",10,18.7,"OF","WSH","ROK"
888,"Ronan Kopp",10,23.5,"SP, RP","LAD","AAA"
889,"Haydn McGeary",10,26.3,"1B","CHC","AA"
890,"Tony Blanco Jr.",10,20.7,"1B","PIT","A"
891,"Dameury Pena",10,20.4,"2B","MIN","A"
892,"Cole Phillips",10,22.7,"SP","MIL","AAA"
893,"Leonardo Pineda",10,18.8,"OF","TB","ROK"
894,"Jose Ramos",10,25.1,"OF","NYM","AAA"
895,"Dylan Ray",10,24.8,"SP","AZ","AAA"
896,"Adrian Santana",10,20.6,"SS","TB","A+"
897,"Adam Serwinowski",10,21.7,"SP","LAD","AA"
898,"Braylin Tavera",10,20.9,"OF","BAL","A"
899,"Creed Willems",10,22.7,"C, 1B","BAL","AA"
900,"Hiro Wyatt",10,21.5,"SP","KC","A"
901,"Nick Bitsko",10,23.6,"SP, RP","TB","ROK"
902,"Kale Fountain",10,20.5,"1B","SD","A"
903,"Owen Hall",10,20.2,"SP","DET","A"
904,"Dawel Joseph",10,18.7,"3B","SEA","ROK"
905,"Caleb Lomavita",10,23.2,"C","WSH","AA"
906,"Cole Mathis",10,22.5,"3B","CHC","A"
907,"Kenta Maeda",10,37.8,"RP","FA","MLB"
908,"Carson Palmquist",10,25.3,"SP","COL","MLB"
909,"Yovanny Rodriguez",10,19.3,"C","NYM","ROK"
910,"Wilfred Veras",10,23.2,"OF","CWS","AA"
911,"Owen Wild",10,23.5,"SP","TB","AA"
912,"Brandon Young",10,27.5,"SP","BAL","MLB"
913,"Cesar Prieto",10,26.8,"2B","STL","MLB"
914,"Victor Mesa Jr.",10,24.4,"OF","TB","MLB"
915,"Bryan Acuna",10,20.5,"3B, SS","MIN","A"
916,"Leo Balcazar",10,21.6,"2B, SS","CIN","AA"
917,"Austin Charles",10,22.2,"3B, SS","KC","A+"
918,"Chris Cortez",10,23.3,"SP","LAA","A+"
919,"Kyle DeBarge",10,22.6,"2B, SS","MIN","A+"
920,"Carson DeMartini",10,23.1,"3B, SS","PHI","AA"
921,"Dax Fulton",10,24.3,"SP","MIA","AAA"
922,"Eduardo Herrera",10,19.3,"1B","CWS","ROK"
923,"Dyan Jorge",10,22.9,"2B, SS","COL","AA"
924,"Landen Maroudis",10,21.1,"SP","TOR","A"
925,"Stiven Martinez",10,18.5,"OF","BAL","A"
926,"Jedixson Paez",10,22.1,"SP","CWS","A+"
927,"Hedbert Perez",10,22.8,"OF","TOR","AA"
928,"Cristofer Torin",10,20.7,"2B, SS","AZ","AA"
929,"Jose Corniell",10,22.6,"RP","TEX","MLB"
930,"Eddys Leonard",10,25.2,"2B, 3B, OF","MIL","AAA"
931,"Franco Aleman",10,25.6,"RP","CLE","AAA"
932,"Yolfran Castillo",10,19,"3B, SS","TEX","A"
933,"Jesus Baez",10,20.9,"3B, SS","STL","A+"
934,"Daiber De Los Santos",10,19.3,"SS","MIN","ROK"
935,"Walter Ford",10,21.1,"SP","SEA","A"
936,"Dakota Jordan",10,22.8,"OF","SF","A"
937,"Doug Nikhazy",10,26.5,"SP, RP","CLE","MLB"
938,"Bryan De La Cruz",10,29.1,"OF","PHI","MLB"
939,"Sammy Stafura",10,21.2,"SS","PIT","A+"
940,"Yeremi Cabrera",10,20.6,"OF","WSH","A"
941,"Jimmy Crooks",10,24.6,"C","STL","MLB"
942,"Justin Turner",10,41.2,"1B, 3B","FA","MLB"
943,"Bryce Meccage",10,19.9,"SP","MIL","A"
944,"Adriel Radney",10,18.6,"OF","AZ","ROK"
945,"David Sandlin",10,24.9,"SP, RP","CWS","AAA"
946,"Brandon Birdsell",10,25.9,"SP","CHC","AAA"
947,"Sawyer Gipson-Long",10,28.2,"SP","DET","MLB"
948,"Brendan Rodgers",10,29.5,"2B","FA","MLB"
949,"Luis Guanipa",10,20.2,"OF","ATL","A"
950,"Leody Taveras",10,27.4,"OF","BAL","MLB"
951,"Carter Johnson",10,19.9,"2B, SS","MIA","A"
952,"Cooper Kinney",10,23,"2B, 3B","TB","AA"
953,"Griffin Canning",10,29.7,"SP","FA","MLB"
954,"Joswa Lugo",10,19,"SS","LAA","ROK"
955,"Griff O'Ferrall",10,23,"2B, SS","BAL","AA"
956,"Ramon Ramirez",10,20.7,"C","KC","A"
957,"Landon Sims",10,25.1,"RP","AZ","AA"
958,"Wade Meckler",10,25.8,"OF","LAA","AAA"
959,"Boston Bateman",10,20.4,"SP","BAL","A+"
960,"Drew Beam",10,22.9,"SP","KC","A+"
961,"Will Bednar",10,25.7,"RP","SF","AAA"
962,"Lucas Braun",10,24.5,"SP","ATL","AAA"
963,"Gabriel Hughes",10,24.5,"SP","COL","AAA"
964,"Cade Kuehler",10,23.7,"SP","ATL","A+"
965,"Chen-Wei Lin",10,24.2,"SP","STL","AA"
966,"Chase Mobley",10,19.7,"SP","CLE","A"
967,"Fernando Perez",10,21.9,"SP","TOR","AA"
968,"Jairo Pomares",10,25.5,"OF","SF","AA"
969,"Carlson Reed",10,23.2,"SP","PIT","A+"
970,"Yuki Matsui",10,30.3,"RP","SD","MLB"
971,"Wyatt Sanford",10,20.2,"2B, SS","PIT","A"
972,"Steven Zobac",10,25.3,"SP","KC","AA"
973,"Adam Macko",10,25.1,"SP, RP","TOR","AAA"
974,"Mason Adams",10,25.9,"SP","CWS","AA"
975,"Matt Allan",10,24.8,"SP","NYM","A+"
976,"Aeverson Arteaga",10,22.9,"SS","SF","AA"
977,"Justice Bigbie",10,27,"OF","DET","AAA"
978,"Luke Holman",10,23.1,"SP","CIN","A"
979,"Justin Campbell",10,24.9,"SP","CLE","ROK"
980,"Isaac Coffey",10,25.6,"SP","BOS","AAA"
981,"Will Benson",10,27.6,"OF","CIN","MLB"
982,"Chase Harlan",10,19.6,"3B","LAD","A"
983,"Cobb Hightower",10,20.9,"SS","BAL","A"
984,"Thatcher Hurd",10,23.2,"SP, RP","NYY","ROK"
985,"Jack Hurley",10,23.9,"OF","AZ","AA"
986,"Mitch Jebb",10,23.7,"2B, OF","PIT","AA"
987,"Wes Kath",10,23.5,"1B","CWS","A+"
988,"Asa Lacy",10,26.7,"SP, RP","KC","AA"
989,"Jake Fraley",10,30.7,"OF","TB","MLB"
990,"Victor Lizarraga",10,22.2,"SP","SD","AAA"
991,"Michael Morales",10,23.5,"SP","SEA","AA"
992,"Malcom Nunez",10,24.9,"3B","PIT","AAA"
993,"Jorge Quintana",10,18.8,"SS","SD","A"
994,"Dom Hamel",10,26.9,"RP","NYY","MLB"
995,"Peyton Pallette",10,24.8,"SP, RP","CLE","AAA"
996,"Devin Saltiban",10,20.9,"2B, OF","PHI","A+"
997,"Jhonny Severino",10,21.3,"2B, 3B","PIT","A"
998,"Derniche Valdez",10,19.9,"OF","CHC","ROK"
999,"Ethan Anderson",10,22.4,"C, 1B","BAL","AA"
1000,"Conrad Cason",10,19.5,"SP","BOS","ROK"
1001,"Carlos Colmenarez",10,22.2,"3B, SS","TB","A+"
1002,"Rayne Doncon",10,22.4,"3B","MIN","A+"
1003,"Kohl Drake",10,25.6,"SP","AZ","AAA"
1004,"Dylan Dreiling",10,22.8,"OF","TEX","A+"
1005,"Payton Eeles",10,26.2,"2B, SS","BAL","AAA"
1006,"Samuel Munoz",10,21.4,"OF","LAD","A+"
1007,"Yairo Padilla",10,18.6,"SS","STL","ROK"
1008,"Erick Pena",10,22.9,"OF","KC","A"
1009,"Brock Selvidge",10,23.4,"SP","NYY","AA"
1010,"Marco Vargas",10,20.7,"2B, SS","NYM","A+"
1011,"Aaron Zavala",10,25.6,"OF","TEX","AAA"
1012,"Cole Henry",10,26.6,"RP","WSH","MLB"
1013,"Yunior Severino",10,26.4,"OF","MIN","AAA"
1014,"Victor Acosta",10,21.7,"2B, SS","CIN","A+"
1015,"Robert Arias",10,19.4,"OF","CLE","ROK"
1016,"Tanner Burns",10,27.1,"RP","CLE","AAA"
1017,"Yiddi Cappe",10,23.4,"2B","MIA","AA"
1018,"Chandler Champlain",10,26.5,"SP","KC","AAA"
1019,"Luis Cova",10,19,"OF","MIA","ROK"
1020,"Filippo Di Turi",10,20.2,"2B, 3B, SS","MIL","A"
1021,"Wilman Diaz",10,22.2,"2B","LAD","A+"
1022,"Trevor Harrison",10,20.5,"SP","TB","A+"
1023,"Jaden Fauske",10,19,"OF","CWS",""
1024,"Roldy Brito",10,18.8,"2B, OF","COL","A"
1025,"Cam Cannarella",10,22.4,"OF","MIA","A+"
1026,"Argenis Cayama",10,19.4,"SP","SF","A"
1027,"Brandon Compton",10,22.3,"OF","MIA","A+"
1028,"Dean Curley",10,21.8,"SS","CLE","A"
1029,"Gabriel Davalillo",10,18.3,"C","LAA","ROK"
1030,"Korbyn Dickerson",10,22.3,"OF","SEA","A"
1031,"Marco Dinges",10,22.4,"C","MIL","A+"
1032,"Ethan Dorchies",10,19.3,"SP, RP","MIL","A"
1033,"Joseph Dzierwa",10,21,"SP","BAL",""
1034,"Daniel Eagen",10,23.2,"SP","AZ","AA"
1035,"Brady Ebel",10,18.5,"SS","MIL","A"
1036,"Aron Estrada",10,21.1,"2B, OF","BAL","AA"
1037,"Anthony Eyanson",10,21,"SP","BOS",""
1038,"Yhoiker Fajardo",10,19.4,"SP","STL","A"
1039,"Jacob Bresnahan",10,20.6,"SP","SF","A"
1040,"Dauri Fernandez",10,18.9,"SS","CLE","A"
1041,"Matthew Fisher",10,19,"SP","PHI",""
1042,"Devin Fitz-Gerald",10,20.5,"SS","WSH","A"
1043,"Christian Franklin",10,26.2,"OF","WSH","AAA"
1044,"Tanner Franklin",10,21.7,"SP","STL","A+"
1045,"Marconi German",10,18.4,"2B, SS","WSH","ROK"
1046,"John Gil",10,19.7,"SS","ATL","AA"
1047,"Henry Godbout",10,22.3,"2B","BOS","A+"
1048,"Asbel Gonzalez",10,20.1,"OF","KC","A"
1049,"Taitn Gray",10,18,"C","TB",""
1050,"Trey Gregory-Alford",10,19.8,"SP","LAA","A"
1051,"David Hagaman",10,22.8,"SP","AZ","A+"
1052,"Tyson Hardin",10,24.2,"SP","MIL","AA"
1053,"Landon Harmon",10,19,"SP","WSH",""
1054,"Josh Hartle",10,22.9,"SP","CLE","AA"
1055,"Juaron Watts-Brown",10,23.9,"SP","BAL","AA"
1056,"Andruw Monasterio",10,28.7,"1B, 2B, SS","MIL","MLB"
1057,"David Morgan",10,26.3,"SP, RP","SD","MLB"
1058,"Mason Fluharty",10,24.5,"RP","TOR","MLB"
1059,"Angel Zerpa",10,26.4,"SP, RP","MIL","MLB"
1060,"Junior Perez",10,24.6,"OF","ATH","AAA"
1061,"Carlos Vargas",10,26.3,"RP","SEA","MLB"
1062,"Troy Johnston",10,28.6,"1B, OF","COL","MLB"
1063,"Coleman Crow",10,25.1,"SP","MIL","AAA"
1064,"Eric Orze",10,28.5,"RP","MIN","MLB"
1065,"Brycen Mautz",10,24.6,"SP","STL","AA"
1066,"Cody Freeman",10,25.1,"2B","TEX","MLB"
1067,"Denzer Guzman",10,22,"SS","LAA","MLB"
1068,"Luinder Avila",10,24.5,"RP","KC","MLB"
1069,"Jesus Rodriguez",10,23.8,"C","SF","AAA"
1070,"Rafael Flores",10,25.3,"1B","PIT","MLB"
1071,"Josiah Hartshorn",10,18,"1B, OF","CHC",""
1072,"Bradgley Rodriguez",10,22.2,"RP","SD","MLB"
1073,"Henry Baez",10,23.3,"SP","ATH","AA"
1074,"Brandyn Garcia",10,25.7,"RP","AZ","MLB"
1075,"Will Klein",10,26.2,"RP","LAD","MLB"
1076,"Yohendrick Pinango",10,23.8,"OF","TOR","AAA"
1077,"Mason Barnett",10,25.3,"SP","ATH","MLB"
1078,"Joe Rock",10,25.5,"RP","TB","MLB"
1079,"Hayden Alvarez",10,18.9,"OF","LAA","A"
1080,"Jadher Areinamo",10,22.2,"2B, SS","TB","AA"
1081,"Cristian Arguelles",10,18.6,"OF","COL","ROK"
1082,"Enddy Azocar",10,18.9,"OF","BOS","A"
1083,"Nick Becker",10,19.2,"SS","SEA","A"
1084,"Max Belyeu",10,22.2,"OF","COL","A+"
1085,"Jake Bennett",10,25.2,"SP","BOS","AA"
1086,"Braxton Bragg",10,25.3,"SP","BAL","AA"
1087,"Ryan Weiss",10,29,"SP","HOU",""
1088,"Elorky Rodriguez",10,18.1,"OF","TEX","ROK"
1089,"Alfonsin Rosario",10,21.6,"OF","CLE","AA"
1090,"AJ Russell",10,21,"SP","TEX",""
1091,"Chase Shores",10,21,"SP, RP","LAA",""
1092,"Luke Sinnard",10,23.3,"SP","ATL","A+"
1093,"Johnny Slawinski",10,18,"SP","LAA",""
1094,"Luke Stevenson",10,21.6,"C","SEA","A"
1095,"Joseph Sullivan",10,23.6,"OF","HOU","AA"
1096,"Daniel Susac",10,24.7,"C","SF","AAA"
1097,"J.D. Thompson",10,22,"SP","MIL",""
1098,"Brendan Tunink",10,20.4,"OF","LAD","A"
1099,"Gavin Turley",10,22.2,"OF","ATH","A"
1100,"Jose Urbina",10,20.3,"SP","TB","A+"
1101,"Ryan Ward",10,27.9,"1B, OF","LAD","AAA"
1102,"Aaron Watson",10,18,"SP","CIN",""
1103,"Roc Riggio",10,23.7,"2B","COL","AA"
1104,"Malachi Witherspoon",10,21,"SP","DET",""
1105,"Christian Zazueta",10,21.3,"SP","LAD","A+"
1106,"Isaac Mattson",10,30.6,"RP","PIT","MLB"
1107,"Brenan Hanifee",10,27.7,"RP","DET","MLB"
1108,"Juan Cabada",10,17.8,"2B","CHC","ROK"
1109,"Kyler Fedko",10,26.4,"1B, OF","MIN","AAA"
1110,"Nathan Flewelling",10,19.2,"C","TB","A+"
1111,"Murf Gray",10,22,"3B","PIT",""
1112,"JB Middleton",10,22,"SP","COL",""
1113,"Nolan Schubart",10,21.8,"1B","CLE","A"
1114,"Miguel Sime",10,18,"SP","WSH",""
1115,"Chris Suero",10,22,"C, OF","NYM","AA"
1116,"Eduardo Valencia",10,26,"C, 1B","DET","AAA"
1117,"Nathan Church",10,25.6,"OF","STL","MLB"
1118,"Nolan Jones",10,27.8,"OF","CLE","MLB"
1119,"Nick Morabito",10,22.8,"OF","NYM","AA"
1120,"Griffin Herring",10,22.8,"SP","COL","A+"
1121,"Coy James",10,18,"SS","WSH",""
1122,"Antwone Kelly",10,22.4,"SP","PIT","AA"
1123,"Kane Kepley",10,21.9,"OF","CHC","A"
1124,"Arnaldo Lantigua",10,20.1,"OF","CIN","A"
1125,"Cam Leiter",10,21,"SP","LAD",""
1126,"Wei-En Lin",10,20.3,"SP, RP","ATH","AA"
1127,"Alex Lodise",10,21.9,"SS","ATL","A+"
1128,"Michael Lombardi",10,22,"SP, RP","KC",""
1129,"Briggs McKenzie",10,19,"SP","ATL",""
1130,"Hendry Mendez",10,22.3,"OF","MIN","AA"
1131,"Miguel Mendez",10,23.6,"RP","SD","AA"
1132,"Karson Milbrandt",10,21.8,"SP","MIA","AA"
1133,"Ryan Mitchell",10,18,"SS","STL",""
1134,"Edgar Montero",10,19.2,"SS","ATH","ROK"
1135,"Brock Burke",10,29.5,"RP","CIN","MLB"
1136,"Dean Moss",10,19,"OF","TB",""
1137,"Braden Nett",10,23.6,"SP","ATH","AA"
1138,"Mason Neville",10,22.1,"OF","CIN","A"
1139,"Cade Obermueller",10,22,"SP","PHI",""
1140,"Michael Oliveto",10,18,"C","DET",""
1141,"Christian Oppor",10,21.5,"SP","CWS","A+"
1142,"Deniel Ortiz",10,21.5,"1B, 3B","STL","A+"
1143,"Austin Overn",10,22.8,"OF","TB","AA"
1144,"Josh Owens",10,19.1,"SS, SP","TEX","A"
1145,"Ethan Petry",10,21.6,"OF","WSH","A"
1146,"Marcus Phillips",10,21,"SP","BOS",""
1147,"Emilien Pitre",10,23.3,"2B, SS","TB","A+"
1148,"Pedro Ramirez",10,21.9,"2B, SS","CHC","AA"
1149,"Raudy Reyes",10,17.5,"SP","ATL","ROK"
1150,"Yandel Ricardo",10,19.3,"SS","KC","A"
1151,"Andrew Walters",10,25.2,"RP","CLE","MLB"
1152,"Kyle Hurt",10,27.7,"SP","LAD","AAA"
1153,"Anthony Banda",10,32.5,"RP","LAD","MLB"
1154,"Aaron Civale",10,30.7,"SP","FA","MLB"
1155,"Kameron Misner",10,28.1,"OF","KC","MLB"
1156,"Derek Hill",10,30.1,"OF","CWS","MLB"
1157,"Brendon Little",10,29.5,"RP","TOR","MLB"
1158,"Tim Tawa",10,26.8,"1B, 2B, OF","AZ","MLB"
1159,"Easton Lucas",10,29.4,"SP","FA","MLB"
1160,"Ryan Gusto",10,26.9,"SP, RP","MIA","MLB"
1161,"Evan Phillips",10,31.4,"RP","FA","MLB"
1162,"Paul Sewald",10,35.7,"RP","FA","MLB"
1163,"Juan Valera",10,19.7,"SP","BOS","A+"
1164,"Eric Wagaman",10,28.5,"1B, OF","MIN","MLB"
1165,"Huascar Brazoban",10,36.3,"SP, RP","NYM","MLB"
1166,"Justin Sterner",10,29.4,"RP","ATH","MLB"
1167,"Triston McKenzie",10,28.5,"RP","SD","MLB"
1168,"Kyle Leahy",10,28.7,"RP","STL","MLB"
1169,"Sean Newcomb",10,32.7,"SP, RP","CWS","MLB"
1170,"Ben Williamson",10,25.3,"3B","TB","MLB"
1171,"Henry Davis",10,26.4,"C","PIT","MLB"
1172,"James Outman",10,28.7,"OF","MIN","MLB"
1173,"Eli White",10,31.6,"OF","ATL","MLB"
1174,"Ryan Zeferjahn",10,27.9,"RP","LAA","MLB"
1175,"Leo Rivas",10,28.3,"2B","SEA","MLB"
1176,"Daysbel Hernandez",10,29.4,"RP","ATL","MLB"
1177,"Zach Agnos",10,25.5,"RP","COL","MLB"
1178,"Luis Mey",10,24.6,"RP","CIN","MLB"
1179,"Tim Elko",10,27.1,"1B","CWS","MLB"
1180,"Otto Kemp",10,26.4,"1B, 3B, OF","PHI","MLB"
1181,"Felipe De La Cruz",10,24.7,"SP, RP","NYM","AAA"
1182,"Sean Linan",10,21.3,"SP","WSH","AAA"
1183,"Will Simpson",10,24.4,"1B","TB","AA"
1184,"Carter Holton",10,23.4,"SP","ATL","A"
1185,"Michael Kennedy",10,21.2,"SP","CLE","A+"
1186,"Jun-Seok Shim",10,21.8,"RP","NYM","ROK"
1187,"Echedry Vargas",10,20.9,"3B","MIA","A+"
1188,"Cayden Wallace",10,24.5,"3B","WSH","AA"
1189,"Tsung-Che Cheng",10,24.5,"SS","BOS","MLB"
1190,"Shinnosuke Ogasawara",10,28.3,"SP, RP","WSH","MLB"
1191,"Michael Siani",10,26.6,"OF","LAD","MLB"
1192,"Eiberson Castellano",10,24.8,"RP","COL","AA"
1193,"Ryan Forcucci",10,23.2,"SP","HOU","ROK"
1194,"Evan Reifert",10,26.7,"RP","TB","AAA"
1195,"Matt Canterino",10,28.2,"SP","MIN","AAA"
1196,"Nestor German",10,23.9,"SP","BAL","AAA"
1197,"Mavis Graves",10,22.2,"SP","PHI","A+"
1198,"Eddie Rynders",10,20.3,"3B","PIT","A"
1199,"Drew Pomeranz",10,37.2,"SP, RP","LAA","MLB"
1200,"Michel Otanez",10,28.6,"RP","TEX","MLB"
1201,"Kyle Hart",10,33.2,"SP, RP","SD","MLB"
1202,"Oswald Peraza",10,25.7,"1B, 2B, 3B, SS","LAA","MLB"
1203,"Myles Naylor",10,20.8,"3B","ATH","A"
1204,"Tyson Neighbors",10,23.3,"RP","BAL","AA"
1205,"Eriq Swan",10,24.3,"SP","WSH","A+"
1206,"Aaron Bummer",10,32.4,"SP, RP","ATL","MLB"
1207,"Gage Workman",10,26.3,"3B","DET","MLB"
1208,"Maykel Coret",10,18.4,"OF","TB","ROK"
1209,"Diego Tornes",10,17.6,"OF","ATL","ROK"
1210,"Brailyn Antunez",10,18.2,"OF","MIL","ROK"
1211,"Connor Gillispie",10,28.2,"SP","FA","MLB"
1212,"Vinny Capra",10,29.6,"3B, SS","BOS","MLB"
1213,"Luke Jackson",10,34.5,"RP","FA","MLB"
1214,"Clayton Kershaw",10,37.9,"SP","FA","MLB"
1215,"Jordan Yost",10,19.1,"SS","DET","ROK"
1216,"Bob Seymour",10,27.3,"1B","TB","MLB"
1217,"Matt Svanson",10,27,"RP","STL","MLB"
1218,"Yoendrys Gomez",10,26.3,"SP, RP","TB","MLB"
1219,"Andrew Saalfrank",10,28.5,"RP","AZ","MLB"
1220,"Nabil Crismatt",10,31.1,"SP","TEX","MLB"
1221,"Mitch Farris",10,24.9,"SP","LAA","MLB"
1222,"Andrew Alvarez",10,26.7,"SP","WSH","MLB"
1223,"Jarred Kelenic",10,26.6,"OF","CWS","MLB"
1224,"Zach Dezenzo",10,25.7,"OF","HOU","MLB"
1225,"Jordan Montgomery",10,33.1,"SP","FA","AAA"
1226,"Alexis Diaz",10,29.4,"RP","TEX","MLB"
1227,"Thairo Estrada",10,29.9,"2B","FA","MLB"
1228,"Edouard Julien",10,26.8,"1B, 2B","COL","MLB"
1229,"Jordan Romano",10,32.8,"RP","LAA","MLB"
1230,"Tate Southisene",10,19.3,"SS","ATL","A"
1231,"Esteury Ruiz",10,26.9,"OF","MIA","MLB"
1232,"Eloy Jimenez",10,29.2,"OF","TOR","AAA"
1233,"Paul Goldschmidt",10,38.4,"1B","FA","MLB"
1234,"Curtis Mead",10,25.3,"1B, 2B, 3B","CWS","MLB"
1235,"Emmanuel Clase",10,27.9,"RP","CLE","MLB"
1236,"Drew Anderson",10,31,"SP, RP","DET",""
1237,"McCade Brown",10,25.5,"SP","COL","MLB"
1238,"Foster Griffin",10,30,"SP, RP","WSH",""
1239,"Anthony Kay",10,30,"SP, RP","CWS",""
1240,"Blaine Crim",10,28.6,"1B","COL","MLB"
1241,"Nasim Nunez",10,25.5,"2B, SS","WSH","MLB"
1242,"Eduard Bazardo",10,30.4,"RP","SEA","MLB"
1243,"Kai-Wei Teng",10,27.2,"SP","HOU","MLB"
1244,"Myles Straw",10,31.3,"OF","TOR","MLB"
1245,"Luis Torrens",10,29.8,"C","NYM","MLB"
1246,"Jahmai Jones",10,28.5,"OF","DET","MLB"
1247,"Shawn Armstrong",10,35.4,"SP, RP","CLE","MLB"
1248,"Colton Gordon",10,27.1,"SP","HOU","MLB"
1249,"J.D. Martinez",10,38.5,"UT","NYM","A"
1250,"Victor Figueroa",10,22.1,"1B","BAL","A+"
1251,"Adbert Alzolay",10,30.9,"RP","NYM","AAA"
1252,"Jack Suwinski",10,27.5,"OF","PIT","MLB"
1253,"Jose Anderson",10,19.2,"OF","MIL","A"
1254,"Jake Bird",10,30.2,"RP","NYY","MLB"
1255,"Liam Hicks",10,26.7,"C, 1B","MIA","MLB"
1256,"Bryan Baker",10,31.2,"RP","TB","MLB"
1257,"Greg Weissert",10,31,"RP","BOS","MLB"
1258,"Brandon Walter",10,29.4,"SP","HOU","MLB"
1259,"Ryan Ritter",10,25.2,"2B, SS","COL","MLB"
1260,"Jeimer Candelario",10,32.2,"3B","FA","MLB"
1261,"Ryan Pressly",10,37.2,"RP","CHC","MLB"
1262,"Hoby Milner",10,35.1,"RP","CHC","MLB"
1263,"Keiner Delgado",10,22.1,"2B, 3B","PIT","A+"
1264,"Dietrich Enns",10,34.7,"SP, RP","BAL","MLB"
1265,"Justin Verlander",10,42.9,"SP","FA","MLB"
1266,"Allan Winans",10,30.5,"RP","NYY","MLB"
1267,"Bennett Sousa",10,30.8,"RP","HOU","MLB"
1268,"Braydon Fisher",10,25.5,"RP","TOR","MLB"
1269,"Chas McCormick",10,30.8,"OF","CHC","MLB"
1270,"Caleb Thielbar",10,39,"RP","CHC","MLB"
1271,"Joey Wentz",10,28.3,"SP, RP","ATL","MLB"
1272,"Tanner Gordon",10,28.3,"SP","COL","MLB"
1273,"Corbin Martin",10,30.1,"RP","CHC","MLB"
1274,"Justin Topa",10,34.9,"RP","MIN","MLB"
1275,"Jason Alexander",10,32.9,"SP","HOU","MLB"
1276,"Nic Enright",10,29.1,"RP","TOR","MLB"
1277,"Erik Sabrowski",10,28.3,"RP","CLE","MLB"
1278,"Kyle Muller",10,28.3,"SP, RP","ATH","A"
1279,"Rayner Arias",10,19.8,"OF","SF","A"
1280,"Brandon Williamson",10,27.9,"SP","CIN","MLB"
1281,"Forrest Whitley",10,28.4,"RP","TB","MLB"
1282,"Jhony Brito",10,27.9,"RP","SD","MLB"
1283,"Miguel Sano",10,32.7,"1B, 3B","LAA","ROK"
1284,"Jonny Deluca",10,27.6,"OF","TB","MLB"
1285,"Yan Gomes",10,38.6,"C","CHC","MLB"
1286,"Brennen Davis",10,26.3,"OF","SEA","AAA"
1287,"Ben Lively",10,33.9,"SP","FA","MLB"
1288,"Yohandy Morales",10,24.3,"1B, 3B","WSH","AAA"
1289,"Joey Gallo",10,32.2,"1B","WSH","A"
1290,"Bryan Ramos",10,23.9,"3B","STL","MLB"
1291,"Sixto Sanchez",10,27.5,"SP","MIA","AAA"
1292,"Michael Massey",10,27.9,"2B, OF","KC","MLB"
1293,"Alexander Canario",10,25.8,"OF","FA","MLB"
1294,"Hayden Wesneski",10,28.2,"SP","HOU","MLB"
1295,"Cristhian Vaquero",10,21.4,"OF","WSH","A"
1296,"Justin Slaten",10,28.4,"RP","BOS","MLB"
1297,"Freddy Fermin",10,30.7,"C","SD","MLB"
1298,"Austin Gomber",10,32.2,"SP","FA","MLB"
1299,"Brandon Barriera",10,21.9,"SP","TOR","ROK"
1300,"Kevin Parada",10,24.5,"C","NYM","AAA"
1301,"Randal Grichuk",10,34.5,"OF, UT","FA","MLB"
1302,"Caleb Ferguson",10,29.6,"RP","CIN","MLB"
1303,"Patrick Wisdom",10,34.5,"3B","SEA","AAA"
1304,"Albert Suarez",10,36.3,"RP","BAL","MLB"
1305,"Dustin Harris",10,26.6,"OF","CWS","MLB"
1306,"Dylan Carlson",10,27.3,"OF","CHC","MLB"
1307,"Peter Lambert",10,28.8,"SP","HOU","AAA"
1308,"Ryan Yarbrough",10,34.1,"SP, RP","NYY","MLB"
1309,"Steven Wilson",10,31.5,"RP","TB","MLB"
1310,"Mason Montgomery",10,25.6,"RP","PIT","MLB"
1311,"Luis Urias",10,28.7,"2B","FA","MLB"
1312,"Julian Merryweather",10,34.3,"RP","FA","MLB"
1313,"Erik Swanson",10,32.4,"RP","TOR","MLB"
1314,"Jose Urquidy",10,30.8,"RP","FA","MLB"
1315,"Mitchell Parker",10,26.4,"SP","WSH","MLB"
1316,"Danny Coulombe",10,36.3,"RP","FA","MLB"
1317,"Mike Tauchman",10,35.2,"OF","FA","MLB"
1318,"Reed Garrett",10,33.1,"RP","NYM","MLB"
1319,"Rene Pinto",10,29.3,"C","PHI","AAA"
1320,"Kirby Yates",10,38.9,"RP","LAA","MLB"
1321,"Bryan Hudson",10,28.8,"RP","CWS","MLB"
1322,"Will Brennan",10,28,"OF","FA","MLB"
1323,"Danny Jansen",10,30.8,"C","TEX","MLB"
1324,"Joe Jimenez",10,31.1,"RP","ATL","MLB"
1325,"Liover Peguero",10,25.1,"SS","PHI","MLB"
1326,"Diego Cartaya",10,24.4,"C","SF","AAA"
1327,"Nick Sandlin",10,29.1,"RP","LAA","MLB"
1328,"Emerson Hancock",10,26.7,"SP","SEA","MLB"
1329,"Joey Loperfido",10,26.7,"OF","TOR","MLB"
1330,"Joey Bart",10,29.2,"C","PIT","MLB"
1331,"Shelby Miller",10,35.3,"RP","FA","MLB"
1332,"Yimi Garcia",10,35.5,"RP","TOR","MLB"
1333,"Chayce McDermott",10,27.5,"RP","BAL","MLB"
1334,"Jonathan Cannon",10,25.6,"SP","CWS","MLB"
1335,"Nick Senzel",10,30.6,"3B, OF","LAD","AAA"
1336,"Gavin Cross",10,24.9,"OF","KC","AA"
1337,"A.J. Minter",10,32.4,"RP","NYM","MLB"
1338,"Yency Almonte",10,31.7,"RP","CHC","AA"
1339,"Landon Knack",10,28.6,"SP","LAD","MLB"
1340,"Eguy Rosario",10,26.5,"SS","FA","AAA"
1341,"Joe Ross",10,32.7,"RP","FA","MLB"
1342,"Tyrone Taylor",10,32,"OF","NYM","MLB"
1343,"Blake Perkins",10,29.4,"OF","MIL","MLB"
1344,"Joc Pederson",10,33.8,"UT","TEX","MLB"
1345,"Cole Sands",10,28.6,"SP, RP","MIN","MLB"
1346,"Abraham Toro",10,29.1,"1B, 3B","KC","MLB"
1347,"Owen White",10,26.5,"RP","FA","MLB"
1348,"Walker Martin",10,21.9,"3B, SS","SF","A"
1349,"Adam Mazur",10,24.8,"SP","MIA","MLB"
1350,"Luis Medina",10,26.8,"SP","ATH","MLB"
1351,"Tyler Anderson",10,36.1,"SP","LAA","MLB"
1352,"Gordon Graceffo",10,25.9,"RP","STL","MLB"
1353,"Tanner Houck",10,29.6,"SP","BOS","MLB"
1354,"German Marquez",10,30.9,"SP","FA","MLB"
1355,"Yu-Min Lin",10,22.6,"SP","AZ","AAA"
1356,"Luis Lara",10,21.2,"OF","MIL","AA"
1357,"Pedro Leon",10,27.7,"OF","PHI","AAA"
1358,"Spencer Turnbull",10,33.4,"RP","FA","MLB"
1359,"Mac Horvath",10,24.6,"2B, OF","TB","A+"
1360,"Martin Perez",10,34.8,"SP","ATL","MLB"
1361,"Ronel Blanco",10,32.4,"SP","HOU","MLB"
1362,"Nick Martini",10,35.6,"OF","FA","MLB"
1363,"Trey Lipscomb",10,25.7,"1B, 3B, SS","WSH","MLB"
1364,"Connor Joe",10,33.5,"OF, UT","FA","MLB"
1365,"Brando Mayea",10,20.4,"OF","NYY","ROK"
1366,"Josh Knoth",10,20.5,"SP","MIL","A"
1367,"Anthony DeSclafani",10,35.8,"SP, RP","AZ","MLB"
1368,"Ryan Bliss",10,26.2,"2B","SEA","MLB"
1369,"Prelander Berroa",10,25.8,"SP, RP","CWS","MLB"
1370,"Sam Bachman",10,26.4,"RP","LAA","MLB"
1371,"Luis Baez",10,22.1,"OF","HOU","AA"
1372,"Dillon Head",10,21.3,"OF","MIA","A+"
1373,"Gregory Santos",10,26.4,"RP","SF","MLB"
1374,"John Cruz",10,20.4,"OF","MIA","A"
1375,"Jesse Winker",10,32.5,"UT","FA","MLB"
1376,"Paul Blackburn",10,32.2,"SP, RP","NYY","MLB"
1377,"Cole Wilcox",10,26.6,"RP","SEA","MLB"
1378,"Carlos Rodriguez",10,24.2,"RP","MIL","MLB"
1379,"Taylor Walls",10,29.6,"SS","TB","MLB"
1380,"Jhonkensy Noel",10,24.6,"OF","BAL","MLB"
1381,"Samuel Zavala",10,21.6,"OF","CWS","A+"
1382,"Joey Wiemer",10,26.9,"OF","WSH","MLB"
1383,"Tobias Myers",10,27.5,"SP, RP","NYM","MLB"
1384,"Austin Adams",10,34.8,"RP","BOS","AAA"
1385,"Cooper Hjerpe",10,24.9,"SP","STL","MLB"
1386,"Randy Vasquez",10,27.3,"SP","SD","MLB"
1387,"Mason Black",10,26.2,"RP","KC","MLB"
1388,"Darius Vines",10,27.8,"SP","ATL","AA"
1389,"Mike Vasil",10,25.9,"SP, RP","CWS","MLB"
1390,"Tony Gonsolin",10,31.7,"SP","FA","MLB"
1391,"Jairo Iriarte",10,24.2,"SP, RP","CWS","AAA"
1392,"Nick Madrigal",10,28.9,"2B, 3B","LAA","AAA"
1393,"Tyler Alexander",10,31.6,"SP, RP","TEX","MLB"
1394,"Wilmer Flores",10,24.9,"RP","DET","A"
1395,"Benny Montgomery",10,23.4,"OF","COL","AA"
1396,"Justin Lawrence",10,31.2,"RP","PIT","MLB"
1397,"Kyle Wright",10,30.4,"SP","KC","AAA"
1398,"Liam Hendriks",10,36.9,"RP","FA","MLB"
1399,"Trey Sweeney",10,25.8,"SS","DET","MLB"
1400,"Rowdy Tellez",10,30.9,"1B","FA","MLB"
1401,"Jacob Young",10,26.5,"OF","WSH","MLB"
1402,"Michael Kopech",10,29.8,"RP","FA","MLB"
1403,"Cristian Hernandez",10,22.2,"SS","MIA","A+"
1404,"Ivan Melendez",10,26,"1B","AZ","AAA"
1405,"Woo Suk Go",10,27.5,"RP","DET","AAA"
1406,"Andrew McCutchen",10,39.3,"UT","FA","MLB"
1407,"Brusdar Graterol",10,27.5,"RP","LAD","MLB"
1408,"Yophery Rodriguez",10,20.2,"OF","BOS","A+"
1409,"Kristian Robinson",10,25.2,"OF","AZ","AAA"
1410,"Brock Stewart",10,34.4,"RP","LAD","MLB"
1411,"Jacob Berry",10,24.8,"2B, 3B, OF","MIA","AAA"
1412,"Drew Waters",10,27.1,"OF","KC","MLB"
1413,"Wander Franco",10,24.9,"SS","TB",""
1414,"Pierce Johnson",10,34.8,"RP","CIN","MLB"
1415,"Wandy Peralta",10,34.5,"RP","SD","MLB"
1416,"Kevin Ginkel",10,31.9,"RP","AZ","MLB"
1417,"Reese McGuire",10,30.9,"C","MIL","MLB"
1418,"Hunter Harvey",10,31.2,"RP","CHC","MLB"
1419,"Harold Ramirez",10,31.4,"UT","WSH","AAA"
1420,"Trevor Williams",10,33.8,"SP","WSH","MLB"
1421,"Jordan Lyles",10,35.3,"SP","KC","AAA"
1422,"Jorge Mateo",10,30.6,"SS, OF","ATL","MLB"
1423,"Elehuris Montero",10,27.5,"1B","COL","AAA"
1424,"Nate Pearson",10,29.5,"RP","HOU","MLB"
1425,"Tim Anderson",10,32.6,"2B, SS","LAA","MLB"
1426,"Josh Winckowski",10,27.6,"RP","TOR","MLB"
1427,"Daniel Hudson",10,38.9,"RP","LAD","MLB"
1428,"Marco Gonzales",10,33.9,"SP","PIT","AAA"
1429,"Gary Sanchez",10,33.2,"C","FA","MLB"
1430,"Joe Kelly",10,37.7,"RP","LAD","A"
1431,"Enyel De Los Santos",10,30.1,"RP","FA","MLB"
1432,"Ryan Brasier",10,38.5,"RP","FA","MLB"
1433,"Braden Shewmake",10,28.2,"SS","NYY","AAA"
1434,"Dany Jimenez",10,32.1,"RP","ATL","AAA"
1435,"Ross Stripling",10,36.2,"SP, RP","ATH","A"
1436,"Jason Foley",10,30.3,"RP","SF","AAA"
1437,"Steven Matz",10,34.7,"SP, RP","TB","MLB"
1438,"Alec Marsh",10,27.7,"SP","KC","MLB"
1439,"Jared Walsh",10,32.5,"1B","TEX","AAA"
1440,"Ryan Feltner",10,29.4,"SP","COL","MLB"
1441,"Dane Dunning",10,31.1,"RP","SEA","MLB"
1442,"David Hamilton",10,28.4,"2B, SS","BOS","MLB"
1443,"Kevin Kiermaier",10,35.8,"OF","LAD","MLB"
1444,"J.D. Davis",10,32.8,"1B","FA","MLB"
1445,"Bailey Falter",10,28.8,"SP","KC","MLB"
1446,"Elias Diaz",10,35.2,"C","FA","MLB"
1447,"Ryan Borucki",10,31.9,"RP","CWS","MLB"
1448,"Jake Rogers",10,30.8,"C","DET","MLB"
1449,"Ryan Noda",10,29.9,"1B","BAL","MLB"
1450,"Josh Sborz",10,32.1,"RP","TEX","AAA"
1451,"Brooks Raley",10,37.6,"RP","NYM","MLB"
1452,"Kyle Gibson",10,38.3,"SP","TB","MLB"
1453,"Giovanny Gallegos",10,34.5,"RP","LAD","AAA"
1454,"Tyler Holton",10,29.7,"SP, RP","DET","MLB"
1455,"David Fry",10,30.2,"UT","CLE","MLB"
1456,"Travis d'Arnaud",10,36.9,"C","LAA","MLB"
1457,"Michael A. Taylor",10,34.9,"OF","FA","MLB"
1458,"LaMonte Wade Jr.",10,32.1,"1B, OF","CWS","MLB"
1459,"John Schreiber",10,31.9,"RP","KC","MLB"
1460,"Yariel Rodriguez",10,28.9,"RP","TOR","MLB"
1461,"Taylor Rogers",10,35.1,"RP","MIN","MLB"
1462,"Chris Martin",10,39.7,"RP","TEX","MLB"
1463,"Gregory Soto",10,30.9,"RP","PIT","MLB"
1464,"Andrew Chafin",10,35.6,"RP","FA","MLB"
1465,"Matt Moore",10,36.6,"RP","BOS","AAA"
1466,"Anthony Bender",10,31,"RP","MIA","MLB"
1467,"James McArthur",10,29.2,"RP","KC","MLB"
1468,"Josh Rojas",10,31.6,"2B, 3B","KC","MLB"
1469,"Joey Meneses",10,33.8,"1B","ATH","AAA"
1470,"Ian Hamilton",10,30.6,"RP","ATL","MLB"
1471,"Matt Waldron",10,29.4,"SP","SD","MLB"
1472,"Miles Mikolas",10,37.5,"SP","FA","MLB"
1473,"Tyler Wade",10,31.2,"OF, UT","TEX","MLB"
1474,"Luis Ortiz",10,27,"SP","CLE","MLB"
1475,"Keaton Winn",10,27.9,"RP","SF","MLB"
1476,"Eddie Rosario",10,34.4,"UT","FA","MLB"
1477,"Erick Fedde",10,32.9,"SP, RP","FA","MLB"
1478,"Adam Frazier",10,34.2,"2B, OF","FA","MLB"
1479,"Nick Loftin",10,27.4,"2B, 3B, OF","KC","MLB"
1480,"Jose Butto",10,27.9,"RP","SF","MLB"
1481,"Johan Rojas",10,25.5,"OF","PHI","MLB"
1482,"Carlos Carrasco",10,38.9,"SP","FA","MLB"
1483,"Seth Brown",10,33.6,"OF","NYY","MLB"
1484,"Hector Neris",10,36.7,"RP","KC","MLB"
1485,"Austin Shenton",10,28,"1B, 3B","FA","AAA"
1486,"Graham Ashcraft",10,27.9,"RP","CIN","MLB"
1487,"Wade Miley",10,39.2,"SP","FA","MLB"
1488,"Cole Winn",10,26.2,"RP","TEX","MLB"
1489,"John Brebbia",10,35.7,"RP","COL","MLB"
1490,"Chris Taylor",10,35.4,"2B, OF","FA","MLB"
1491,"Cal Quantrill",10,30.9,"SP","TEX","MLB"
1492,"Jon Berti",10,36,"2B, 3B","CHC","MLB"
1493,"Jose Miranda",10,27.6,"3B","SD","MLB"
1494,"DJ LeMahieu",10,37.6,"2B","NYY","MLB"
1495,"Darell Hernaiz",10,24.5,"2B, 3B, SS","ATH","MLB"
1496,"Colin Poche",10,32.1,"RP","FA","MLB"
1497,"Jakob Junis",10,33.4,"RP","FA","MLB"
1498,"Jared Shuster",10,27.5,"SP, RP","STL","MLB"
1499,"Zack Thompson",10,28.3,"RP","STL","AAA"
1500,"Estevan Florial",10,28.2,"OF","CLE","AAA"
1501,"Patrick Corbin",10,36.6,"SP","FA","MLB"
1502,"Lance McCullers Jr.",10,32.4,"SP","HOU","MLB"
1503,"Roansy Contreras",10,26.3,"RP","COL","MLB"
1504,"Jason Heyward",10,36.5,"OF","SD","MLB"
1505,"Bowden Francis",10,29.8,"SP","TOR","MLB"
1506,"Cole Irvin",10,32,"SP","LAD","AAA"
1507,"DL Hall",10,27.4,"SP, RP","MIL","MLB"
1508,"Lucas Sims",10,31.8,"RP","CWS","MLB"
1509,"Tylor Megill",10,30.5,"SP","NYM","MLB"
1510,"Richie Palacios",10,28.7,"2B, OF","TB","MLB"
1511,"Andrew Nardi",10,27.5,"RP","MIA","MLB"
1512,"Joel Payamps",10,31.8,"RP","ATL","MLB"
1513,"Colin Holderman",10,30.3,"RP","CLE","MLB"
1514,"Scott Barlow",10,33.1,"RP","FA","MLB"
1515,"Clayton Beeter",10,27.3,"RP","WSH","MLB"
1516,"Mike Clevinger",10,35.1,"RP","PIT","MLB"
1517,"Taijuan Walker",10,33.5,"SP, RP","PHI","MLB"
1518,"Matt Vierling",10,29.4,"OF","DET","MLB"
1519,"Isiah Kiner-Falefa",10,30.9,"2B, 3B, SS","FA","MLB"
1520,"Seranthony Dominguez",10,31.2,"RP","CWS","MLB"
1521,"Jose Abreu",10,39,"1B","HOU","ROK"
1522,"Paul DeJong",10,32.5,"2B, 3B, SS","FA","MLB"
1523,"Jake McCarthy",10,28.5,"OF","COL","MLB"
1524,"Dakota Hudson",10,31.4,"SP","LAA","AAA"
1525,"Michael Toglia",10,27.5,"1B","CIN","MLB"
1526,"Gio Urshela",10,34.3,"3B","ATH","MLB"
1527,"Connor Wong",10,29.7,"C","BOS","MLB"
1528,"Yoan Moncada",10,30.7,"3B","LAA","MLB"
1529,"Kyle Isbel",10,28.9,"OF","KC","MLB"
1530,"Cavan Biggio",10,30.8,"OF","FA","MLB"
1531,"Edward Olivares",10,29.9,"OF","TB","AAA"
1532,"Alex Wood",10,35.1,"SP","ATH","MLB"
1533,"Luke Little",10,25.4,"RP","CHC","MLB"
1534,"Michael Grove",10,29.1,"RP","FA","AAA"
1535,"Chad Green",10,34.7,"RP","TOR","MLB"
1536,"Oliver Dunn",10,28.4,"3B","CWS","MLB"
1537,"David Robertson",10,40.8,"RP","FA","MLB"
1538,"Anthony Rendon",10,35.7,"3B","LAA","MLB"
1539,"Elvis Peguero",10,28.9,"RP","FA","MLB"
1540,"Carlos Santana",10,39.8,"1B","FA","MLB"
1541,"Ryne Stanek",10,34.5,"RP","STL","MLB"
1542,"Dominic Fletcher",10,28.4,"OF","PIT","MLB"
1543,"Ty France",10,31.6,"1B","FA","MLB"
1544,"Jackson Rutledge",10,26.9,"RP","WSH","MLB"
1545,"Mauricio Dubon",10,31.6,"2B, 3B, SS, OF","ATL","MLB"
1546,"Drew Smyly",10,36.7,"SP, RP","CHC","A+"
1547,"Mark Leiter Jr.",10,34.9,"RP","ATH","MLB"
1548,"Amed Rosario",10,30.2,"2B, 3B","NYY","MLB"
1549,"Tommy Henry",10,28.5,"RP","AZ","MLB"
1550,"Adam Ottavino",10,40.2,"RP","FA","MLB"
1551,"Enrique Hernandez",10,34.5,"1B, 2B, 3B, OF","FA","MLB"
1552,"Nelson Velazquez",10,27.1,"OF","PIT","AAA"
1553,"Graham Pauley",10,25.4,"3B","MIA","MLB"
1554,"Wilmer Flores",10,34.5,"1B","FA","MLB"
1555,"Marcus Stroman",10,34.8,"SP","NYY","MLB"
1556,"Craig Kimbrel",10,37.7,"RP","NYM","MLB"
1557,"Ezequiel Duran",10,26.7,"1B, 2B, 3B, SS, OF","TEX","MLB"
1558,"Malcolm Moore",10,22.5,"C","TEX","A+"
1559,"Walker Janek",10,23.4,"C","HOU","A+"
1560,"Starling Marte",10,37.3,"OF, UT","FA","MLB"
1561,"Justin Foscue",10,26.9,"1B","TEX","MLB"
1562,"MJ Melendez",10,27.2,"OF","FA","MLB"
1563,"Anthony Rizzo",10,36.5,"1B","NYY","AA"
1564,"Jonatan Clase",10,23.7,"OF","TOR","MLB"
1565,"Orlando Arcia",10,31.5,"1B, 2B, 3B, SS","FA","MLB"
1566,"Sean Bouchard",10,29.7,"OF","FA","MLB"
1567,"Ty Madden",10,25.9,"SP","DET","MLB"
1568,"Kris Bryant",10,34.1,"UT","COL","MLB"
1569,"Matt Manning",10,28,"RP","FA","AAA"
1570,"Derek Law",10,35.4,"SP, RP","AZ","AAA"
1571,"Pavin Smith",10,30,"1B","AZ","MLB"
1572,"Sean Hjelle",10,28.8,"RP","FA","MLB"
1573,"Dairon Blanco",10,32.8,"OF","KC","MLB"
1574,"Nick Fortes",10,29.2,"C","TB","MLB"
1575,"Kevin Kelly",10,28.2,"RP","TB","MLB"
1576,"Dylan Lee",10,31.5,"RP","ATL","MLB"
1577,"Victor Caratini",10,32.5,"C, 1B","MIN","MLB"
1578,"Tayler Scott",10,33.7,"RP","ATL","MLB"
1579,"Justyn-Henry Malloy",10,25.9,"OF","TB","MLB"
1580,"Jacob Stallings",10,36.1,"C","FA","MLB"
1581,"Keegan Akin",10,30.9,"SP, RP","BAL","MLB"
1582,"Rob Refsnyder",10,34.9,"OF, UT","SEA","MLB"
1583,"Dante Nori",10,21.3,"OF","PHI","AA"
1584,"Sterlin Thompson",10,24.6,"OF","COL","AAA"
1585,"Yennier Cano",10,31.9,"RP","BAL","MLB"
1586,"Whit Merrifield",10,37,"2B, 3B, OF","ATL","MLB"
1587,"Nestor Cortes",10,31.2,"SP","FA","MLB"
1588,"Ramon Urias",10,31.7,"2B, 3B","FA","MLB"
1589,"Drew Romo",10,24.4,"C","CWS","MLB"
1590,"Jose Siri",10,30.6,"OF","FA","MLB"
1591,"Jonah Heim",10,30.6,"C","FA","MLB"
1592,"Luke Raley",10,31.4,"1B, OF","SEA","MLB"
1593,"Hunter Renfroe",10,34,"OF","KC","MLB"
1594,"Grant McCray",10,25.2,"OF","SF","MLB"
1595,"Andres Chaparro",10,26.8,"1B","WSH","MLB"
1596,"Jake Cousins",10,31.6,"RP","FA","A+"
1597,"Will Wagner",10,27.5,"1B, 3B","SD","MLB"
1598,"Brandon Drury",10,33.5,"UT","LAA","AAA"
1599,"Jake Eder",10,27.3,"RP","WSH","MLB"
1600,"Jerar Encarnacion",10,28.3,"OF","SF","MLB"
1601,"Adrian Del Castillo",10,26.4,"UT","AZ","MLB"
1602,"Brooks Baldwin",10,25.5,"2B, 3B, SS, OF","CWS","MLB"
1603,"Tyler Phillips",10,28.3,"RP","MIA","MLB"
1604,"Luken Baker",10,28.9,"UT","AZ","MLB"
1605,"Max Kepler",10,32.9,"OF","FA","MLB"
1606,"Seth Johnson",10,27.4,"RP","PHI","MLB"
1607,"Luis Campusano",10,27.4,"UT","SD","MLB"
1608,"Charles McAdoo",10,23.9,"3B","TOR","AA"
1609,"Yordanny Monegro",10,23.3,"SP","BOS","AA"
1610,"Luis Garcia",10,29.2,"SP","FA","MLB"
1611,"Sam Aldegheri",10,24.4,"SP","LAA","MLB"
1612,"Davis Schneider",10,27,"2B, OF","TOR","MLB"
1613,"Blake Dunn",10,27.4,"OF","CIN","MLB"
1614,"Brady Basso",10,28.3,"RP","ATH","MLB"
1615,"Adam Oller",10,31.3,"SP","MIA","AAA"
1616,"Jack Kochanowicz",10,25.1,"SP","LAA","MLB"
1617,"Julian Aguiar",10,24.7,"SP","CIN","MLB"
1618,"Jose Tena",10,24.9,"3B","WSH","MLB"
1619,"Manuel Rodriguez",10,29.5,"RP","TB","MLB"
1620,"Brant Hurter",10,27.4,"SP, RP","DET","MLB"
1621,"Yasser Mercedes",10,21.2,"OF","MIN","A"
1622,"Jhancarlos Lara",10,23.1,"SP, RP","ATL","AAA"
1623,"Jud Fabian",10,25.4,"OF","BAL","AAA"
1624,"Billy Amick",10,23.3,"1B, 3B","MIN","A+"
1625,"Levi Sterling",10,19.4,"SP","PIT","A"
1626,"Alejandro Osuna",10,23.3,"OF","TEX","MLB"
1627,"K.C. Hunt",10,25.6,"SP","MIL","AA"
1628,"Braylin Morel",10,20.1,"OF","TEX","A"
1629,"Tommy Pham",10,37.9,"OF","FA","MLB"
1630,"Nick Frasso",10,27.3,"SP, RP","LAD","AAA"
1631,"Frankie Montas",10,32.9,"SP","FA","MLB"
1632,"Ben Kudrna",10,23,"SP","KC","AAA"
1633,"Jeter Martinez",10,20,"SP","PIT","A"
1634,"Eduardo Beltre",10,19.3,"OF","MIN","A"
1635,"Louis Varland",10,28.2,"RP","TOR","MLB"
1636,"Alan Roden",10,26.1,"OF","MIN","MLB"
1637,"Sean Sullivan",10,23.6,"SP","COL","AA"
1638,"Reggie Crawford",10,25.2,"RP","SF","AAA"
1639,"Joey Oakie",10,19.8,"SP","CLE","A"
1640,"Zander Mueth",10,20.6,"SP","PIT","A"
1641,"Luis Merejo",10,19.6,"1B, OF","CLE","A"
1642,"Jansel Luis",10,20.9,"2B, 3B","AZ","A+"
1643,"Cory Lewis",10,25.3,"SP, RP","MIN","AAA"
1644,"Colton Ledbetter",10,24.2,"OF","TB","AA"
1645,"Dominic Keegan",10,25.5,"C","TB","AAA"
1646,"Pablo Guerrero",10,19.5,"1B","TEX","A"
1647,"Adolfo Sanchez",10,19.4,"OF","CIN","ROK"
1648,"A.J. Vukovich",10,24.6,"OF","AZ","AAA"
1649,"Nick Nastrini",10,25.9,"SP, RP","LAD","AAA"
1650,"Gabriel Rincones Jr.",10,24.9,"OF","PHI","AAA"
1651,"Andry Lara",10,23.1,"RP","WSH","MLB"
1652,"Kendall George",10,21.3,"OF","LAD","A+"
1653,"Joe Whitman",10,24.4,"SP","SF","AA"
1654,"Jeremy Rodriguez",10,19.6,"2B, 3B, SS","NYM","A"
1655,"Hans Crouse",10,27.4,"SP, RP","BAL","AAA"
1656,"Kyren Paris",10,24.2,"2B, OF","LAA","MLB"
1657,"Enmanuel Valdez",10,27.1,"1B","PIT","MLB"
1658,"Tristan Beck",10,29.6,"RP","SF","MLB"
1659,"Zach DeLoach",10,27.5,"OF","CWS","AAA"
1660,"Seth Halvorsen",10,25.9,"RP","COL","MLB"
1661,"Rafael Marchan",10,26.9,"C","PHI","MLB"
1662,"Aaron Schunk",10,28.5,"SS","FA","MLB"
1663,"Troy Taylor",10,24.4,"RP","SEA","MLB"
1664,"Johnathan Rodriguez",10,26.3,"OF","CLE","MLB"
1665,"Dane Myers",10,29.9,"OF","CIN","MLB"
1666,"Carmen Mlodzinski",10,26.9,"SP, RP","PIT","MLB"
1667,"Leo Jimenez",10,24.7,"2B","TOR","MLB"
1668,"Pedro Pages",10,27.4,"C","STL","MLB"
1669,"Sam Hilliard",10,31.9,"OF","FA","MLB"
1670,"Beau Brieske",10,27.8,"RP","DET","MLB"
1671,"Christian Vazquez",10,35.5,"C","FA","MLB"
1672,"Sam Huff",10,28.1,"C","BAL","MLB"
1673,"Zach Maxwell",10,25,"RP","CIN","MLB"
1674,"Andrew Morris",10,24.4,"SP","MIN","AAA"
1675,"Endy Rodriguez",10,25.7,"1B","PIT","MLB"
1676,"Jose Leclerc",10,32.1,"RP","FA","MLB"
1677,"Craig Yoho",10,26.3,"RP","MIL","MLB"
1678,"Tirso Ornelas",10,25.9,"OF","SD","MLB"
1679,"Robert Stephenson",10,32.9,"RP","LAA","MLB"
1680,"Tomoyuki Sugano",10,36.3,"SP","FA","MLB"
1681,"Valente Bellozo",10,26.1,"SP, RP","COL","MLB"
1682,"Marc Church",10,24.9,"RP","TEX","MLB"
1683,"Cade Marlowe",10,28.6,"OF","ATH","AAA"
1684,"Ky Bush",10,26.2,"SP","CWS","MLB"
1685,"Jorge Barrosa",10,24.9,"OF","AZ","MLB"
1686,"Caleb Kilian",10,28.7,"RP","SF","AAA"
1687,"Tom Murphy",10,34.9,"C","FA","MLB"
1688,"Jaden Hill",10,26.1,"RP","COL","MLB"
1689,"Jake Bauers",10,30.3,"1B, OF","MIL","MLB"
1690,"Jalen Beeks",10,32.6,"SP, RP","FA","MLB"
1691,"Mike Boeve",10,23.8,"1B","MIL","AA"
1692,"Jay Allen",10,23.2,"OF","CIN","AA"
1693,"Bryse Wilson",10,28.1,"SP, RP","PHI","MLB"
1694,"Mitch Spence",10,27.8,"SP, RP","ATH","MLB"
1695,"Naoyuki Uwasawa",10,32,"SP","BOS","AAA"
1696,"Jon Gray",10,34.3,"RP","FA","MLB"
1697,"Carlos Jorge",10,22.4,"OF","CIN","A+"
1698,"Corey Julks",10,29.9,"OF","DET","MLB"
1699,"Gunnar Hoglund",10,26.1,"SP","ATH","MLB"
1700,"Lonnie White Jr.",10,23.1,"OF","PIT","A+"
1701,"Jordan Hicks",10,29.4,"SP, RP","CWS","MLB"
1702,"Royber Salinas",10,24.8,"RP","ATL","A+"
1703,"Nick Gordon",10,30.3,"2B","KC","AAA"
1704,"A.J. Puk",10,30.8,"RP","AZ","MLB"
1705,"Will Smith",10,36.6,"RP","KC","MLB"
1706,"Brett Wichrowski",10,23.5,"SP","MIL","AA"
1707,"Matthew Lugo",10,24.8,"OF","LAA","MLB"
1708,"Oscar Colas",10,27.4,"OF","FA","AAA"
1709,"Andre Pallante",10,27.4,"SP","STL","MLB"
1710,"Blake Treinen",10,37.6,"RP","LAD","MLB"
1711,"Ben Rortvedt",10,28.4,"C","CIN","MLB"
1712,"Blake Walston",10,24.6,"SP","AZ","MLB"
1713,"Sem Robberse",10,24.3,"SP","STL","AAA"
1714,"Charlie Morton",10,42.2,"SP","FA","MLB"
1715,"Stone Garrett",10,30.2,"OF","WSH","AAA"
1716,"Patrick Sandoval",10,29.3,"SP","BOS","MLB"
1717,"Adam Duvall",10,37.4,"OF","ATL","MLB"
1718,"Jeral Perez",10,21.3,"2B, SS","CWS","A+"
1719,"Jose Urena",10,34.4,"SP, RP","FA","MLB"
1720,"Cooper Criswell",10,29.5,"RP","SEA","MLB"
1721,"Chase Davis",10,24.2,"OF","STL","AA"
1722,"Matt Mervis",10,27.8,"1B","WSH","MLB"
1723,"Domingo German",10,33.5,"SP","PIT","A"
1724,"Josiah Gray",10,28.1,"SP","WSH","AAA"
1725,"Alexander Ramirez",10,23.1,"OF","NYM","AA"
1726,"Ji Hwan Bae",10,26.5,"OF","NYM","MLB"
1727,"Ricardo Cabrera",10,21.3,"3B","CIN","A+"
1728,"Ken Waldichuk",10,28.1,"SP","ATL","AAA"
1729,"Jake Gelof",10,23.9,"2B, 3B","LAD","A+"
1730,"Jorbit Vivas",10,24.9,"2B, 3B","NYY","MLB"
1731,"Oswaldo Cabrera",10,26.9,"3B","NYY","MLB"
1732,"Mark Canha",10,36.9,"OF, UT","KC","MLB"
1733,"Wikelman Gonzalez",10,23.9,"RP","CWS","MLB"
1734,"Rece Hinds",10,25.4,"OF","CIN","MLB"
1735,"Marco Raya",10,23.5,"SP, RP","MIN","AAA"
1736,"Colin Houck",10,21.4,"3B, SS","NYM","A+"
1737,"Nick Pratto",10,27.3,"1B","TEX","AAA"
1738,"Ty Floyd",10,24.4,"SP","CIN","A"
1739,"Frank Mozzicato",10,22.6,"SP","KC","AA"
1740,"Ian Anderson",10,27.8,"RP","FA","MLB"
1741,"Kyle Hendricks",10,36.2,"SP","FA","MLB"
1742,"Michael Conforto",10,32.9,"OF","FA","MLB"
1743,"Dylan Moore",10,33.5,"1B, 2B, 3B, OF","PHI","MLB"
1744,"Anthony Gutierrez",10,21.2,"OF","TEX","A+"
1745,"Fernando Cruz",10,19.2,"SS","CHC","ROK"
1746,"Maddux Bruns",10,23.6,"SP","LAD","A+"
1747,"Drey Jameson",10,28.5,"RP","AZ","MLB"
1748,"Nathan Martorella",10,24.9,"1B","MIA","AAA"
1749,"Miguel Rojas",10,36.9,"2B, 3B, SS","LAD","MLB"
1750,"Payton Martin",10,21.7,"SP","LAD","A+"
1751,"Griff McGarry",10,26.7,"SP, RP","WSH","AAA"
1752,"Blake Wolters",10,21.3,"SP","KC","A"
1753,"Javier Assad",10,28.5,"SP","CHC","MLB"
1754,"Edmundo Sosa",10,29.9,"2B, 3B, SS","PHI","MLB"
1755,"Kevin Pillar",10,37.1,"OF","TEX","MLB"
1756,"Daniel Lynch",10,29.2,"SP, RP","KC","MLB"
1757,"George Wolkow",10,20.1,"OF","CWS","A"
1758,"Brett Wisely",10,26.8,"2B","TB","MLB"
1759,"Davis Daniel",10,28.7,"SP","CIN","MLB"
1760,"Jacob Webb",10,32.5,"RP","CHC","MLB"
1761,"Alex Verdugo",10,29.7,"OF","ATL","MLB"
1762,"Jake Bloss",10,24.6,"SP","TOR","AAA"
1763,"Kyle Higashioka",10,35.8,"C","TEX","MLB"
1764,"Anthony Solometo",10,23.2,"SP","PIT","AA"
1765,"Sam Hentges",10,29.6,"RP","SF","MLB"
1766,"Emiliano Teodo",10,24.9,"SP, RP","TEX","AAA"
1767,"Juan Yepez",10,27.9,"OF","FA","AAA"
1768,"Daniel Schneemann",10,29,"2B, 3B, SS, OF","CLE","MLB"
1769,"Dedniel Nunez",10,29.7,"RP","NYM","MLB"
1770,"Cristian Mena",10,23.1,"RP","AZ","MLB"
1771,"Keider Montero",10,25.6,"SP, RP","DET","MLB"
1772,"Cionel Perez",10,29.8,"RP","FA","MLB"
1773,"Shay Whitcomb",10,27.4,"2B","HOU","MLB"
1774,"Tyler Kinley",10,35,"RP","ATL","MLB"
1775,"Tommy Kahnle",10,36.5,"RP","FA","MLB"
1776,"Tyler Ferguson",10,32.3,"RP","ATH","MLB"
1777,"Jonah Bride",10,30.1,"3B","TEX","MLB"
1778,"Alex Call",10,31.4,"OF","LAD","MLB"
1779,"Jorge Alcala",10,30.5,"RP","TOR","MLB"
1780,"Jorge Lopez",10,32.9,"RP","WSH","MLB"
1781,"Osvaldo Bido",10,30.3,"SP, RP","LAA","MLB"
1782,"Everson Pereira",10,24.8,"OF","CWS","MLB"
1783,"Hogan Harris",10,29.1,"RP","ATH","MLB"
1784,"David Peralta",10,38.5,"OF","SD","AAA"
1785,"Jose Iglesias",10,36.1,"2B, 3B, SS","FA","MLB"
1786,"Santiago Espinal",10,31.2,"2B, 3B, OF","CIN","MLB"
1787,"Tyler Fitzgerald",10,28.4,"2B","SF","MLB"
1788,"Michael Mercado",10,26.8,"RP","PHI","MLB"
1789,"Jordan Wicks",10,26.4,"RP","CHC","MLB"
1790,"Yonny Chirinos",10,32.1,"SP","MIA","AAA"
1791,"Jon Singleton",10,34.4,"UT","FA","MLB"
1792,"Vidal Brujan",10,27.9,"3B, SS, OF","NYM","MLB"
1793,"Alex Cobb",10,38.3,"SP","FA","AAA"
1794,"Yilber Diaz",10,25.5,"RP","AZ","MLB"
1795,"Ryan Thompson",10,33.6,"RP","AZ","MLB"
1796,"Stuart Fairchild",10,29.9,"OF","CLE","MLB"
1797,"Mitch Haniger",10,35.1,"OF","SEA","MLB"
1798,"James Paxton",10,37.3,"SP","LAD","MLB"
1799,"Brennan Bernardino",10,34.1,"SP, RP","COL","MLB"
1800,"Casey Schmitt",10,26.9,"1B, 2B, 3B","SF","MLB"
1801,"Max Schuemann",10,28.7,"2B, 3B, SS, OF","ATH","MLB"
1802,"Enmanuel Bonilla",10,20,"OF","TOR","ROK"
1803,"Jose Alvarado",10,30.7,"RP","PHI","MLB"
1804,"Miguel Andujar",10,30.9,"3B, OF","FA","MLB"
1805,"Korey Lee",10,27.5,"C","CWS","MLB"
1806,"Joey Estes",10,24.3,"SP","ATH","MLB"
1807,"Alex Faedo",10,30.2,"RP","FA","AAA"
1808,"Jose Trevino",10,33.2,"C","CIN","MLB"
1809,"Ryan Fernandez",10,27.7,"RP","STL","MLB"
1810,"Carson Spiers",10,28.2,"SP","CIN","MLB"
1811,"Chris Paddack",10,30.1,"SP","FA","MLB"
1812,"J.P. France",10,30.8,"RP","HOU","MLB"
1813,"Dylan Floro",10,35.1,"RP","ATH","AAA"
1814,"Donovan Solano",10,38.1,"1B","FA","MLB"
1815,"Roddery Munoz",10,25.8,"RP","HOU","MLB"
1816,"Chase Silseth",10,25.7,"RP","LAA","MLB"
1817,"Alex Lange",10,30.4,"RP","KC","MLB"
1818,"Matt Wilkinson",10,23.2,"SP","CLE","A+"
1819,"Mitch Garver",10,35.1,"C","FA","MLB"
1820,"Tim Herrin",10,29.3,"RP","CLE","MLB"
1821,"Jacob Gonzalez",10,23.7,"2B, SS","CWS","AAA"
1822,"Cody Poteet",10,31.5,"RP","FA","MLB"
1823,"Erik Miller",10,27.9,"RP","SF","MLB"
1824,"Chris Flexen",10,31.6,"RP","CHC","MLB"